109542,http://www.bu.edu/dbin/archives/content/holdings/LFA2272/HTML 
248608,http://www.bu.edu/dbin/archives/digital_objects/LFA%20202/HTML/ 
248610,http://www.bu.edu/dbin/archives/content/holdings/LFA1517/HTML 
248611,http://www.bu.edu/dbin/archives/Cooke/LFA%202096/HTML/
248612,http://www.bu.edu/dbin/archives/content/holdings/LFA2266/HTML 
248613,http://www.bu.edu/dbin/archives/content/holdings/LFA2279/HTML 
248614,http://www.bu.edu/dbin/archives/content/holdings/LFA2287/HTML 
248615,http://www.bu.edu/dbin/archives/content/holdings/LFA2337/HTML 
248616,http://www.bu.edu/dbin/archives/content/holdings/LFA2341/HTML 
248617,http://www.bu.edu/dbin/archives/content/holdings/LFA2392/HTML 
248618,http://www.bu.edu/dbin/archives/content/holdings/LFA2430/HTML
248620,http://www.bu.edu/dbin/archives/content/holdings/LFA2464/HTML
248621,http://www.bu.edu/dbin/archives/content/holdings/LFA2490/HTML
248622,http://www.bu.edu/dbin/archives/content/holdings/LFA2523/HTML
248623,http://www.bu.edu/dbin/archives/content/holdings/LFA2546/HTML
248624,http://www.bu.edu/dbin/archives/content/holdings/LFA2563/HTML
248625,http://www.bu.edu/dbin/archives/content/holdings/LFA2605/HTML
248626,http://www.bu.edu/dbin/archives/content/holdings/LFA2653/HTML
248627,http://www.bu.edu/dbin/archives/content/holdings/LFA2700/HTML
249615,http://www.bu.edu/dbin/archives/content/holdings/LFA2238/HTML 
249619,http://www.bu.edu/dbin/archives/content/holdings/LFA2239/HTML 
249623,http://www.bu.edu/dbin/archives/content/holdings/LFA2240/HTML 
249636,http://www.bu.edu/dbin/archives/content/holdings/LFA2241/HTML 
249637,http://www.bu.edu/dbin/archives/content/holdings/LFA2250/HTML 
249640,http://www.bu.edu/dbin/archives/content/holdings/LFA2242/HTML 
249646,http://www.bu.edu/dbin/archives/content/holdings/LFA2243/HTML 
249650,http://www.bu.edu/dbin/archives/content/holdings/LFA2244/HTML 
249654,http://www.bu.edu/dbin/archives/content/holdings/LFA2245/HTML 
249660,http://www.bu.edu/dbin/archives/content/holdings/LFA2246/HTML 
249666,http://www.bu.edu/dbin/archives/content/holdings/LFA2247/HTML 
249671,http://www.bu.edu/dbin/archives/content/holdings/LFA2251/HTML 
249676,http://www.bu.edu/dbin/archives/content/holdings/LFA2252/HTML 
249680,http://www.bu.edu/dbin/archives/content/holdings/LFA2253/HTML 
249686,http://www.bu.edu/dbin/archives/content/holdings/LFA2254/HTML 
249690,http://www.bu.edu/dbin/archives/content/holdings/LFA2255/HTML 
249694,http://www.bu.edu/dbin/archives/content/holdings/LFA2256/HTML 
249697,http://www.bu.edu/dbin/archives/content/holdings/LFA2257/HTML 
262861,http://www.bu.edu/dbin/archives/content/holdings/LFA2258/HTML 
262866,http://www.bu.edu/dbin/archives/content/holdings/LFA2259/HTML 
262870,http://www.bu.edu/dbin/archives/content/holdings/LFA2260/HTML 
262875,http://www.bu.edu/dbin/archives/content/holdings/LFA2261/HTML 
262881,http://www.bu.edu/dbin/archives/content/holdings/LFA2262/HTML 
262886,http://www.bu.edu/dbin/archives/content/holdings/LFA2263/HTML 
262897,http://www.bu.edu/dbin/archives/content/holdings/LFA2264/HTML 
262906,http://www.bu.edu/dbin/archives/content/holdings/LFA2265/HTML 
262913,http://www.bu.edu/dbin/archives/content/holdings/LFA2267/HTML 
263168,http://www.bu.edu/dbin/archives/content/holdings/LFA2339/HTML 
277981,http://www.bu.edu/dbin/archives/content/holdings/LFA2268/HTML 
277989,http://www.bu.edu/dbin/archives/content/holdings/LFA2270/HTML 
277993,http://www.bu.edu/dbin/archives/content/holdings/LFA2273/HTML 
277996,http://www.bu.edu/dbin/archives/content/holdings/LFA2274/HTML 
278002,http://www.bu.edu/dbin/archives/content/holdings/LFA2290/HTML 
278007,http://www.bu.edu/dbin/archives/content/holdings/LFA2291/HTML 
278011,http://www.bu.edu/dbin/archives/content/holdings/LFA2292/HTML 
278014,http://www.bu.edu/dbin/archives/content/holdings/LFA2293/HTML 
278017,http://www.bu.edu/dbin/archives/content/holdings/LFA2294/HTML 
278020,http://www.bu.edu/dbin/archives/content/holdings/LFA2295/HTML 
278025,http://www.bu.edu/dbin/archives/content/holdings/LFA2296/HTML 
283834,http://www.bu.edu/dbin/archives/content/holdings/LFA%202301/HTML 
283839,http://www.bu.edu/dbin/archives/content/holdings/LFA2303/HTML 
283844,http://www.bu.edu/dbin/archives/content/holdings/LFA2304/HTML 
283849,http://www.bu.edu/dbin/archives/content/holdings/LFA2305/HTML 
283855,http://www.bu.edu/dbin/archives/content/holdings/LFA2306/HTML 
283862,http://www.bu.edu/dbin/archives/content/holdings/LFA2307/HTML 
283865,http://www.bu.edu/dbin/archives/content/holdings/LFA2308/HTML 
283868,http://www.bu.edu/dbin/archives/content/holdings/LFA2309/HTML 
283873,http://www.bu.edu/dbin/archives/content/holdings/LFA2310/HTML 
283879,http://www.bu.edu/dbin/archives/content/holdings/LFA2311/HTML 
286910,http://www.bu.edu/dbin/archives/content/holdings/LFA2322/HTML 
287310,http://www.bu.edu/dbin/archives/content/holdings/LFA2323/HTML 
287315,http://www.bu.edu/dbin/archives/content/holdings/LFA2324/HTML 
287320,http://www.bu.edu/dbin/archives/content/holdings/LFA2325/HTML 
287327,http://www.bu.edu/dbin/archives/content/holdings/LFA2326/HTML 
287330,http://www.bu.edu/dbin/archives/content/holdings/LFA2327/HTML 
287340,http://www.bu.edu/dbin/archives/content/holdings/LFA2328/HTML 
287357,http://www.bu.edu/dbin/archives/content/holdings/LFA2329/HTML 
287375,http://www.bu.edu/dbin/archives/content/holdings/LFA2331/HTML 
287392,http://www.bu.edu/dbin/archives/digital_objects/LFA2332/HTML/
287845,http://www.bu.edu/dbin/archives/content/holdings/LFA2343/HTML 
287848,http://www.bu.edu/dbin/archives/content/holdings/LFA2344/HTML 
287852,http://www.bu.edu/dbin/archives/content/holdings/LFA2345/HTML 
287861,http://www.bu.edu/dbin/archives/content/holdings/LFA2346/HTML 
287867,http://www.bu.edu/dbin/archives/content/holdings/LFA2347/HTML 
287874,http://www.bu.edu/dbin/archives/content/holdings/LFA2348/HTML 
287878,http://www.bu.edu/dbin/archives/content/holdings/LFA2349/HTML 
287881,http://www.bu.edu/dbin/archives/content/holdings/LFA2350/HTML 
287886,http://www.bu.edu/dbin/archives/content/holdings/LFA2351/HTML 
287889,http://www.bu.edu/dbin/archives/content/holdings/LFA2352/HTML 
287892,http://www.bu.edu/dbin/archives/content/holdings/LFA2333/HTML 
287897,http://www.bu.edu/dbin/archives/content/holdings/LFA2334/HTML 
287901,http://www.bu.edu/dbin/archives/content/holdings/LFA2335/HTML 
306141,http://www.bu.edu/dbin/archives/content/holdings/LFA2336/HTML 
306147,http://www.bu.edu/dbin/archives/content/holdings/LFA2338/HTML 
306151,http://www.bu.edu/dbin/archives/content/holdings/LFA2340/HTML 
306164,http://www.bu.edu/dbin/archives/content/holdings/LFA2342/HTML 
306870,http://www.bu.edu/dbin/archives/content/holdings/LFA2353/HTML 
306874,http://www.bu.edu/dbin/archives/content/holdings/LFA2354/HTML 
306879,http://www.bu.edu/dbin/archives/content/holdings/LFA2355/HTML 
306884,http://www.bu.edu/dbin/archives/content/holdings/LFA2357/HTML 
306887,http://www.bu.edu/dbin/archives/content/holdings/LFA2358/HTML 
306891,http://www.bu.edu/dbin/archives/content/holdings/LFA2359/HTML 
306894,http://www.bu.edu/dbin/archives/content/holdings/LFA2360/HTML 
306900,http://www.bu.edu/dbin/archives/content/holdings/LFA2361/HTML 
306907,http://www.bu.edu/dbin/archives/content/holdings/LFA2362/HTML 
306911,http://www.bu.edu/dbin/archives/content/holdings/LFA2363/HTML 
306920,http://www.bu.edu/dbin/archives/content/holdings/LFA2364/HTML 
306923,http://www.bu.edu/dbin/archives/content/holdings/LFA2365/HTML 
306927,http://www.bu.edu/dbin/archives/content/holdings/LFA2366/HTML 
306931,http://www.bu.edu/dbin/archives/content/holdings/LFA2367/HTML 
306936,http://www.bu.edu/dbin/archives/content/holdings/LFA2368/HTML 
306940,http://www.bu.edu/dbin/archives/content/holdings/LFA2369/HTML 
306945,http://www.bu.edu/dbin/archives/content/holdings/LFA2370/HTML 
306949,http://www.bu.edu/dbin/archives/content/holdings/LFA2371/HTML 
306960,http://www.bu.edu/dbin/archives/content/holdings/LFA2372/HTML 
306965,http://www.bu.edu/dbin/archives/content/holdings/LFA2373/HTML 
307031,http://www.bu.edu/dbin/archives/content/holdings/LFA2374/HTML 
307037,http://www.bu.edu/dbin/archives/content/holdings/LFA2375/HTML 
326788,http://www.bu.edu/dbin/archives/content/holdings/LFA2376/HTML 
326810,http://www.bu.edu/dbin/archives/content/holdings/LFA2377/HTML 
326838,http://www.bu.edu/dbin/archives/content/holdings/LFA2378/HTML 
326842,http://www.bu.edu/dbin/archives/content/holdings/LFA2379/HTML 
327354,http://www.bu.edu/dbin/archives/content/holdings/LFA2380/HTML 
327377,http://www.bu.edu/dbin/archives/content/holdings/LFA2381/HTML 
327482,http://www.bu.edu/dbin/archives/content/holdings/LFA2383/HTML 
327486,http://www.bu.edu/dbin/archives/content/holdings/LFA2384/HTML 
327489,http://www.bu.edu/dbin/archives/content/holdings/LFA2385/HTML 
327493,http://www.bu.edu/dbin/archives/content/holdings/LFA2386/HTML 
329769,http://www.bu.edu/dbin/archives/content/holdings/LFA2387/HTML 
330678,http://www.bu.edu/dbin/archives/content/holdings/LFA2388/HTML 
330683,http://www.bu.edu/dbin/archives/content/holdings/LFA2389/HTML 
330685,http://www.bu.edu/dbin/archives/content/holdings/LFA2390/HTML 
330691,http://www.bu.edu/dbin/archives/content/holdings/LFA2391/HTML 
330698,http://www.bu.edu/dbin/archives/content/holdings/LFA2393/HTML 
330699,http://www.bu.edu/dbin/archives/content/holdings/LFA2394/HTML 
330704,http://www.bu.edu/dbin/archives/content/holdings/LFA2395/HTML 
332467,http://www.bu.edu/dbin/archives/content/holdings/LFA2396/HTML 
334413,http://www.bu.edu/dbin/archives/content/holdings/LFA2397/HTML 
334426,http://www.bu.edu/dbin/archives/content/holdings/LFA2398/HTML 
334441,http://www.bu.edu/dbin/archives/content/holdings/LFA2399/HTML 
334448,http://www.bu.edu/dbin/archives/content/holdings/LFA2400/HTML 
334458,http://www.bu.edu/dbin/archives/content/holdings/LFA2401/HTML 
334470,http://www.bu.edu/dbin/archives/content/holdings/LFA2402/HTML 
334477,http://www.bu.edu/dbin/archives/content/holdings/LFA2403/HTML 
334493,http://www.bu.edu/dbin/archives/content/holdings/LFA2404/HTML 
334613,http://www.bu.edu/dbin/archives/content/holdings/LFA2405/HTML 
334619,http://www.bu.edu/dbin/archives/content/holdings/LFA2406/HTML 
334623,http://www.bu.edu/dbin/archives/content/holdings/LFA2407/HTML 
334626,http://www.bu.edu/dbin/archives/content/holdings/LFA2408/HTML 
334732,http://www.bu.edu/dbin/archives/content/holdings/LFA2409/HTML 
334736,http://www.bu.edu/dbin/archives/content/holdings/LFA2410/HTML
334743,http://www.bu.edu/dbin/archives/content/holdings/LFA2411/HTML
334753,http://www.bu.edu/dbin/archives/content/holdings/LFA2412/HTML
334763,http://www.bu.edu/dbin/archives/content/holdings/LFA2413/HTML
334769,http://www.bu.edu/dbin/archives/content/holdings/LFA2414/HTML
334806,http://www.bu.edu/dbin/archives/content/holdings/LFA2415/HTML
334809,http://www.bu.edu/dbin/archives/content/holdings/LFA2416/HTML
334812,http://www.bu.edu/dbin/archives/content/holdings/LFA2417/HTML
334818,http://www.bu.edu/dbin/archives/content/holdings/LFA2418/HTML
334848,http://www.bu.edu/dbin/archives/content/holdings/LFA2419/HTML
334871,http://www.bu.edu/dbin/archives/content/holdings/LFA2420/HTML
334874,http://www.bu.edu/dbin/archives/content/holdings/LFA2421/HTML
334882,http://www.bu.edu/dbin/archives/content/holdings/LFA2422/HTML
334891,http://www.bu.edu/dbin/archives/content/holdings/LFA2423/HTML
334894,http://www.bu.edu/dbin/archives/content/holdings/LFA2424/HTML
334948,http://www.bu.edu/dbin/archives/content/holdings/LFA2425/HTML
334953,http://www.bu.edu/dbin/archives/content/holdings/LFA2426/HTML
334968,http://www.bu.edu/dbin/archives/content/holdings/LFA2427/HTML
334972,http://www.bu.edu/dbin/archives/content/holdings/LFA2428/HTML
334973,http://www.bu.edu/dbin/archives/content/holdings/LFA2429/HTML
335023,http://www.bu.edu/dbin/archives/content/holdings/LFA2431/HTML
335031,http://www.bu.edu/dbin/archives/content/holdings/LFA2432/HTML
335036,http://www.bu.edu/dbin/archives/content/holdings/LFA2433/HTML
335041,http://www.bu.edu/dbin/archives/content/holdings/LFA2434/HTML
368664,http://www.bu.edu/dbin/archives/content/holdings/LFA338/HTML
371344,http://www.bu.edu/dbin/archives/content/holdings/LFA500/HTML 
371360,http://www.bu.edu/dbin/archives/content/holdings/LFA1169/HTML 
371363,http://www.bu.edu/dbin/archives/content/holdings/LFA1179/HTML 
371366,http://www.bu.edu/dbin/archives/content/holdings/LFA1198/HTML 
371370,http://www.bu.edu/dbin/archives/content/holdings/LFA1239/HTML 
371419,http://www.bu.edu/dbin/archives/content/holdings/LFA1250/HTML 
371422,http://www.bu.edu/dbin/archives/content/holdings/LFA1264/HTML 
371425,http://www.bu.edu/dbin/archives/content/holdings/LFA1267/HTML 
371428,http://www.bu.edu/dbin/archives/content/holdings/LFA1280/HTML 
371431,http://www.bu.edu/dbin/archives/content/holdings/LFA1289/HTML 
371442,http://www.bu.edu/dbin/archives/content/holdings/LFA1317/HTML 
371493,http://www.bu.edu/dbin/archives/content/holdings/LFA1321/HTML 
371497,http://www.bu.edu/dbin/archives/content/holdings/LFA1340/HTML 
371500,http://www.bu.edu/dbin/archives/content/holdings/LFA1370/HTML 
371529,http://www.bu.edu/dbin/archives/content/holdings/LFA1379/HTML 
371758,http://www.bu.edu/dbin/archives/content/holdings/LFA1406/HTML 
371761,http://www.bu.edu/dbin/archives/content/holdings/LFA1414/HTML 
371765,http://www.bu.edu/dbin/archives/content/holdings/LFA1506/HTML 
371768,http://www.bu.edu/dbin/archives/content/holdings/LFA1524/HTML 
371771,http://www.bu.edu/dbin/archives/content/holdings/LFA1584/HTML 
566729,http://www.bu.edu/dbin/archives/Cooke/LFA1011/HTML
566732,http://www.bu.edu/dbin/archives/Cooke/LFA706/HTML/
566735,http://www.bu.edu/dbin/archives/Cooke/LFA794/HTML/
566742,http://www.bu.edu/dbin/archives/Cooke/LFA%201360/HTML/
566745,http://www.bu.edu/dbin/archives/Cooke/LFA%201362/HTML/
566748,http://www.bu.edu/dbin/archives/Cooke/LFA%201560/HTML/
566751,http://www.bu.edu/dbin/archives/Cooke/LFA1561/HTML/
566755,http://www.bu.edu/dbin/archives/Cooke/LFA1562/HTML/#
566758,http://www.bu.edu/dbin/archives/Cooke/LFA1563/HTML/#
566761,http://www.bu.edu/dbin/archives/Cooke/LFA1565/HTML/#
566764,http://www.bu.edu/dbin/archives/Cooke/LFA1566/HTML/
566767,http://www.bu.edu/dbin/archives/Cooke/LFA1567/HTML/
566770,http://www.bu.edu/dbin/archives/Cooke/LFA1568/HTML/
566773,http://www.bu.edu/dbin/archives/Cooke/LFA1569/HTML/#2
566777,http://www.bu.edu/dbin/archives/Cooke/LFA1570/HTML/
566780,http://www.bu.edu/dbin/archives/Cooke/LFA1574/HTML/#
566784,http://www.bu.edu/dbin/archives/Cooke/LFA1575/HTML/
566787,http://www.bu.edu/dbin/archives/Cooke/LFA1576/HTML/
566790,http://www.bu.edu/dbin/archives/Cooke/LFA1577/HTML/
566793,http://www.bu.edu/dbin/archives/Cooke/LFA1578/HTML/#
566796,http://www.bu.edu/dbin/archives/Cooke/LFA1579/HTML/
566799,http://www.bu.edu/dbin/archives/Cooke/LFA1580/HTML/#
566802,http://www.bu.edu/dbin/archives/Cooke/LFA1581/HTML/#
566805,http://www.bu.edu/dbin/archives/Cooke/LFA1582/HTML/
566809,http://www.bu.edu/dbin/archives/Cooke/LFA1583/HTML/#
566812,http://www.bu.edu/dbin/archives/Cooke/LFA1586/HTML/
566815,http://www.bu.edu/dbin/archives/Cooke/LFA1587/HTML/
566819,http://www.bu.edu/dbin/archives/Cooke/LFA1588/HTML/
566824,http://www.bu.edu/dbin/archives/Cooke/LFA1589/HTML/#
566831,http://www.bu.edu/dbin/archives/Cooke/LFA1590/HTML/#
566834,http://www.bu.edu/dbin/archives/Cooke/LFA1591/HTML/
566837,http://www.bu.edu/dbin/archives/Cooke/LFA1593/HTML/
566840,http://www.bu.edu/dbin/archives/Cooke/LFA1594/HTML/
566843,http://www.bu.edu/dbin/archives/Cooke/LFA1595/HTML/
566844,http://www.bu.edu/dbin/archives/Cooke/LFA1596/HTML/
566847,http://www.bu.edu/dbin/archives/Cooke/LFA1598/HTML/
566850,http://www.bu.edu/dbin/archives/Cooke/LFA1600/HTML/
566853,http://www.bu.edu/dbin/archives/Cooke/LFA1602/HTML/
566857,http://www.bu.edu/dbin/archives/Cooke/LFA1603/HTML/
566860,http://www.bu.edu/dbin/archives/Cooke/LFA1604/HTML/
566863,http://www.bu.edu/dbin/archives/Cooke/LFA1605/HTML/
566866,http://www.bu.edu/dbin/archives/Cooke/LFA1606/HTML/
566870,http://www.bu.edu/dbin/archives/Cooke/LFA1607/HTML/#4
566874,http://www.bu.edu/dbin/archives/Cooke/LFA1608/HTML/
566877,http://www.bu.edu/dbin/archives/Cooke/LFA1609/HTML/
566880,http://www.bu.edu/dbin/archives/Cooke/LFA1610/HTML/
566883,http://www.bu.edu/dbin/archives/Cooke/LFA1611/HTML/
566886,http://www.bu.edu/dbin/archives/Cooke/LFA1645/HTML/
566890,http://www.bu.edu/dbin/archives/Cooke/LFA1646/HTML/#
566893,http://www.bu.edu/dbin/archives/Cooke/LFA1648/HTML/
566898,http://www.bu.edu/dbin/archives/Cooke/LFA1650/HTML/#
566901,http://www.bu.edu/dbin/archives/Cooke/LFA1651/HTML/
566904,http://www.bu.edu/dbin/archives/Cooke/LFA1652/HTML/
566907,http://www.bu.edu/dbin/archives/Cooke/LFA1653/HTML/
566910,http://www.bu.edu/dbin/archives/Cooke/LFA1657/HTML/
566913,http://www.bu.edu/dbin/archives/Cooke/LFA1658/HTML/#
566916,http://www.bu.edu/dbin/archives/Cooke/LFA1659/HTML/
566919,http://www.bu.edu/dbin/archives/Cooke/LFA1660/HTML/
566923,http://www.bu.edu/dbin/archives/Cooke/LFA1661/HTML/
566926,http://www.bu.edu/dbin/archives/Cooke/LFA1662/HTML/#
566930,http://www.bu.edu/dbin/archives/Cooke/LFA1663/HTML/
566933,http://www.bu.edu/dbin/archives/Cooke/LFA1664/HTML/
566936,http://www.bu.edu/dbin/archives/Cooke/LFA1665/HTML/
566939,http://www.bu.edu/dbin/archives/Cooke/LFA1666/HTML/
566942,http://www.bu.edu/dbin/archives/Cooke/LFA1668/HTML/
566949,http://www.bu.edu/dbin/archives/Cooke/LFA1669/HTML/
566952,http://www.bu.edu/dbin/archives/Cooke/LFA1671/HTML/
566955,http://www.bu.edu/dbin/archives/Cooke/LFA1672/HTML/
566958,http://www.bu.edu/dbin/archives/Cooke/LFA1673/HTML/
566961,http://www.bu.edu/dbin/archives/Cooke/LFA1676/HTML/
566964,http://www.bu.edu/dbin/archives/Cooke/LFA1678/HTML/
566967,http://www.bu.edu/dbin/archives/Cooke/LFA1679/HTML/
566971,http://www.bu.edu/dbin/archives/Cooke/LFA1680/HTML/
566974,http://www.bu.edu/dbin/archives/Cooke/LFA1681/HTML/
566977,http://www.bu.edu/dbin/archives/Cooke/LFA1682/HTML/
566980,http://www.bu.edu/dbin/archives/Cooke/LFA1684/HTML/
566984,http://www.bu.edu/dbin/archives/Cooke/LFA1685/HTML/
566987,http://www.bu.edu/dbin/archives/Cooke/LFA1686/HTML/
566991,http://www.bu.edu/dbin/archives/Cooke/LFA1687/HTML/
566994,https://www.bbc.co.uk/programmes/b043wclq
566997,http://www.bu.edu/dbin/archives/Cooke/LFA1690/HTML/
567000,http://www.bu.edu/dbin/archives/Cooke/LFA1692/HTML/
567003,http://www.bu.edu/dbin/archives/Cooke/LFA1693/HTML/
567006,http://www.bu.edu/dbin/archives/Cooke/LFA1694/HTML/
567009,http://www.bu.edu/dbin/archives/Cooke/LFA1695/HTML/
567012,http://www.bu.edu/dbin/archives/Cooke/LFA1696/HTML/
567015,http://www.bu.edu/dbin/archives/Cooke/LFA1697/HTML/
567018,http://www.bu.edu/dbin/archives/Cooke/LFA1698/HTML/
567021,http://www.bu.edu/dbin/archives/Cooke/LFA1700/HTML/
567024,http://www.bu.edu/dbin/archives/Cooke/LFA1701/HTML/
567026,http://www.bu.edu/dbin/archives/Cooke/LFA1702/HTML/#
567028,http://www.bu.edu/dbin/archives/Cooke/LFA1703/HTML/
567031,http://www.bu.edu/dbin/archives/Cooke/LFA1707/HTML/
567034,http://www.bu.edu/dbin/archives/Cooke/LFA1708/HTML/
567037,http://www.bu.edu/dbin/archives/Cooke/LFA1710/HTML/
567040,http://www.bu.edu/dbin/archives/Cooke/LFA1711/HTML/
567043,http://www.bu.edu/dbin/archives/Cooke/LFA1712/HTML/
567046,http://www.bu.edu/dbin/archives/Cooke/LFA1714/HTML/
567051,http://www.bu.edu/dbin/archives/Cooke/LFA1715/HTML/
567054,http://www.bu.edu/dbin/archives/Cooke/LFA1718/HTML/
567057,http://www.bu.edu/dbin/archives/Cooke/LFA1721/HTML/
567060,http://www.bu.edu/dbin/archives/Cooke/LFA1723/HTML/
567063,http://www.bu.edu/dbin/archives/Cooke/LFA1724/HTML/
567067,http://www.bu.edu/dbin/archives/Cooke/LFA1726/HTML/
567070,http://www.bu.edu/dbin/archives/Cooke/LFA1728/HTML/
567073,http://www.bu.edu/dbin/archives/Cooke/LFA1729/HTML/
567076,http://www.bu.edu/dbin/archives/Cooke/LFA1731/HTML/
567079,http://www.bu.edu/dbin/archives/Cooke/LFA1732/HTML/
567084,http://www.bu.edu/dbin/archives/Cooke/LFA1733/HTML/
567087,http://www.bu.edu/dbin/archives/Cooke/LFA1734/HTML/
567090,http://www.bu.edu/dbin/archives/Cooke/LFA1736/HTML/
567093,http://www.bu.edu/dbin/archives/Cooke/LFA1737/HTML/
567096,http://www.bu.edu/dbin/archives/Cooke/LFA1738/HTML/
567099,http://www.bu.edu/dbin/archives/Cooke/LFA1740/HTML/
567102,http://www.bu.edu/dbin/archives/Cooke/LFA1742/HTML/
567105,http://www.bu.edu/dbin/archives/Cooke/LFA1745/HTML/
567109,http://www.bu.edu/dbin/archives/Cooke/LFA1748/HTML/
567112,http://www.bu.edu/dbin/archives/Cooke/LFA1750/HTML/
567115,http://www.bu.edu/dbin/archives/Cooke/LFA1751/HTML/#
567118,http://www.bu.edu/dbin/archives/Cooke/LFA1752/HTML/
567121,http://www.bu.edu/dbin/archives/Cooke/LFA1754/HTML/
567124,http://www.bu.edu/dbin/archives/Cooke/LFA1755/HTML/
567127,http://www.bu.edu/dbin/archives/Cooke/LFA1758/HTML/
567130,http://www.bu.edu/dbin/archives/Cooke/LFA1759/HTML/
567133,http://www.bu.edu/dbin/archives/Cooke/LFA1760/HTML/
567136,http://www.bu.edu/dbin/archives/Cooke/LFA1761/HTML/
567139,http://www.bu.edu/dbin/archives/Cooke/LFA1762/HTML/
567142,http://www.bu.edu/dbin/archives/Cooke/LFA1763/HTML/
567145,http://www.bu.edu/dbin/archives/Cooke/LFA1764/HTML/
567148,http://www.bu.edu/dbin/archives/Cooke/LFA1765/HTML/
567151,http://www.bu.edu/dbin/archives/Cooke/LFA1767/HTML/
567154,http://www.bu.edu/dbin/archives/Cooke/LFA1768/HTML/
567157,http://www.bu.edu/dbin/archives/Cooke/LFA1769/HTML/
567160,http://www.bu.edu/dbin/archives/Cooke/LFA1770/HTML/
567164,http://www.bu.edu/dbin/archives/Cooke/LFA1771/HTML/
567167,http://www.bu.edu/dbin/archives/Cooke/LFA1772/HTML/
567192,http://www.bu.edu/dbin/archives/Cooke/LFA1775/HTML/
567196,http://www.bu.edu/dbin/archives/Cooke/LFA1776/HTML/
567199,http://www.bu.edu/dbin/archives/Cooke/LFA1777/HTML/#
567203,http://www.bu.edu/dbin/archives/Cooke/LFA1780/HTML/#
567206,http://www.bu.edu/dbin/archives/Cooke/LFA1781/HTML/
567209,http://www.bu.edu/dbin/archives/Cooke/LFA1782/HTML/
567212,http://www.bu.edu/dbin/archives/Cooke/LFA1783/HTML/
567215,http://www.bu.edu/dbin/archives/Cooke/LFA1788/HTML/
567218,http://www.bu.edu/dbin/archives/Cooke/LFA%201789/HTML/
567221,http://www.bu.edu/dbin/archives/Cooke/LFA%201790/HTML/
567224,http://www.bu.edu/dbin/archives/Cooke/LFA%201785/HTML/
567227,http://www.bu.edu/dbin/archives/Cooke/LFA%201786/HTML/
567230,http://www.bu.edu/dbin/archives/Cooke/LFA%201787/HTML/
567233,http://www.bu.edu/dbin/archives/Cooke/LFA%201791/HTML/
567236,http://www.bu.edu/dbin/archives/Cooke/LFA%201792/HTML/
567239,http://www.bu.edu/dbin/archives/Cooke/LFA%201793/HTML/
567242,http://www.bu.edu/dbin/archives/Cooke/LFA%201794/HTML/
567245,http://www.bu.edu/dbin/archives/Cooke/LFA%201795/HTML/
567248,http://www.bu.edu/dbin/archives/Cooke/LFA%201796/HTML/
567251,http://www.bu.edu/dbin/archives/Cooke/LFA%201797/HTML/
567257,http://www.bu.edu/dbin/archives/Cooke/LFA%201799/HTML/
567261,http://www.bu.edu/dbin/archives/Cooke/LFA1800/HTML/
567264,http://www.bu.edu/dbin/archives/Cooke/LFA%201801/HTML/
567267,http://www.bu.edu/dbin/archives/Cooke/LFA%201802/HTML/
567270,http://www.bu.edu/dbin/archives/Cooke/LFA%201803/HTML/
567273,http://www.bu.edu/dbin/archives/Cooke/LFA%201804/HTML/
567277,http://www.bu.edu/dbin/archives/Cooke/LFA%201805/HTML/
567280,http://www.bu.edu/dbin/archives/Cooke/LFA%201806/HTML/
567283,http://www.bu.edu/dbin/archives/Cooke/LFA%201807/HTML/
567286,http://www.bu.edu/dbin/archives/Cooke/LFA%201808/HTML/
567289,http://www.bu.edu/dbin/archives/Cooke/LFA%201809/HTML/
567294,http://www.bu.edu/dbin/archives/Cooke/LFA%201811/HTML/
567297,http://www.bu.edu/dbin/archives/Cooke/LFA%201812/HTML/
567300,http://www.bu.edu/dbin/archives/Cooke/LFA%201813/HTML/
567303,http://www.bu.edu/dbin/archives/Cooke/LFA%201814/HTML/
567306,http://www.bu.edu/dbin/archives/Cooke/LFA%201815/HTML/
567309,http://www.bu.edu/dbin/archives/Cooke/LFA%201816/HTML/
567312,http://www.bu.edu/dbin/archives/Cooke/LFA%201818/HTML/
567315,http://www.bu.edu/dbin/archives/Cooke/LFA%201819/HTML/
567318,http://www.bu.edu/dbin/archives/Cooke/LFA%201820/HTML/
567321,http://www.bu.edu/dbin/archives/Cooke/LFA%201821/HTML/
567324,http://www.bu.edu/dbin/archives/Cooke/LFA%201822/HTML/
567327,http://www.bu.edu/dbin/archives/Cooke/LFA%201823/HTML/
567330,http://www.bu.edu/dbin/archives/Cooke/LFA%201824/HTML/
567333,http://www.bu.edu/dbin/archives/Cooke/LFA%201825/HTML/
567336,http://www.bu.edu/dbin/archives/Cooke/LFA%201827/HTML/
567339,http://www.bu.edu/dbin/archives/Cooke/LFA%201828/HTML/
567342,http://www.bu.edu/dbin/archives/Cooke/LFA%201829/HTML/
567359,http://www.bu.edu/dbin/archives/Cooke/LFA%201830/HTML/
567362,http://www.bu.edu/dbin/archives/Cooke/LFA%201831/HTML/
567365,http://www.bu.edu/dbin/archives/Cooke/LFA%201832/HTML/
567368,http://www.bu.edu/dbin/archives/Cooke/LFA%201833/HTML/
567378,http://www.bu.edu/dbin/archives/Cooke/LFA%201834/HTML/
567383,http://www.bu.edu/dbin/archives/Cooke/LFA%201835/HTML/
567388,http://www.bu.edu/dbin/archives/Cooke/LFA%201836/HTML/
567392,http://www.bu.edu/dbin/archives/Cooke/LFA%201841/HTML/
567397,http://www.bu.edu/dbin/archives/Cooke/LFA%201842/HTML/
567426,http://www.bu.edu/dbin/archives/Cooke/LFA%201843/HTML/
567429,http://www.bu.edu/dbin/archives/Cooke/LFA1844/HTML/
567432,http://www.bu.edu/dbin/archives/Cooke/LFA1845/HTML/
567435,http://www.bu.edu/dbin/archives/Cooke/LFA1846/HTML/
567438,http://www.bu.edu/dbin/archives/Cooke/LFA1847/HTML/
567446,http://www.bu.edu/dbin/archives/Cooke/LFA1849/HTML/
567465,http://www.bu.edu/dbin/archives/Cooke/LFA1850/HTML/
567495,http://www.bu.edu/dbin/archives/Cooke/LFA1851/HTML/
567499,http://www.bu.edu/dbin/archives/Cooke/LFA1852/HTML/
567502,http://www.bu.edu/dbin/archives/Cooke/LFA1853/HTML/
567505,http://www.bu.edu/dbin/archives/Cooke/LFA1854/HTML/
567508,http://www.bu.edu/dbin/archives/Cooke/LFA1855/HTML/
567511,http://www.bu.edu/dbin/archives/Cooke/LFA1856/HTML/
567514,http://www.bu.edu/dbin/archives/Cooke/LFA1857/HTML/
567517,http://www.bu.edu/dbin/archives/Cooke/LFA1858/HTML/
567520,http://www.bu.edu/dbin/archives/Cooke/LFA1859/HTML/
567523,http://www.bu.edu/dbin/archives/Cooke/LFA1860/HTML/
567526,http://www.bu.edu/dbin/archives/Cooke/LFA1861/HTML/
567529,http://www.bu.edu/dbin/archives/Cooke/LFA1862/HTML/
567532,http://www.bu.edu/dbin/archives/Cooke/LFA1863/HTML/
567535,http://www.bu.edu/dbin/archives/Cooke/LFA1864/HTML/
567538,http://www.bu.edu/dbin/archives/Cooke/LFA1865/HTML/
567541,http://www.bu.edu/dbin/archives/Cooke/LFA1866/HTML/
567544,http://www.bu.edu/dbin/archives/Cooke/LFA1868/HTML/
567547,http://www.bu.edu/dbin/archives/Cooke/LFA1869/HTML/
567551,http://www.bu.edu/dbin/archives/Cooke/LFA1870/HTML/
567554,http://www.bu.edu/dbin/archives/Cooke/LFA1871/HTML/
567563,http://www.bu.edu/dbin/archives/Cooke/LFA1874/HTML/
567567,http://www.bu.edu/dbin/archives/Cooke/LFA1875/HTML/
567570,http://www.bu.edu/dbin/archives/Cooke/LFA1876/HTML/
567573,http://www.bu.edu/dbin/archives/Cooke/LFA1877/HTML/
567576,http://www.bu.edu/dbin/archives/Cooke/LFA1878/HTML/
567583,http://www.bu.edu/dbin/archives/Cooke/LFA1880/HTML/
567588,http://www.bu.edu/dbin/archives/Cooke/LFA1881/HTML/
567591,http://www.bu.edu/dbin/archives/Cooke/LFA1882/HTML/
567594,http://www.bu.edu/dbin/archives/Cooke/LFA1883/HTML/
567601,http://www.bu.edu/dbin/archives/Cooke/LFA1884/HTML/
567604,http://www.bu.edu/dbin/archives/Cooke/LFA1885/HTML/
567608,http://www.bu.edu/dbin/archives/Cooke/LFA1886/HTML/
567611,http://www.bu.edu/dbin/archives/Cooke/LFA1887/HTML/
567614,http://www.bu.edu/dbin/archives/Cooke/LFA1888/HTML/
567617,http://www.bu.edu/dbin/archives/Cooke/LFA1889/HTML/
567621,http://www.bu.edu/dbin/archives/Cooke/LFA1890/HTML/
567624,http://www.bu.edu/dbin/archives/Cooke/LFA1891/HTML/
567628,http://www.bu.edu/dbin/archives/Cooke/LFA1892/HTML/
567631,http://www.bu.edu/dbin/archives/Cooke/LFA1893/HTML/
567637,http://www.bu.edu/dbin/archives/Cooke/LFA1894/HTML/
567640,http://www.bu.edu/dbin/archives/Cooke/LFA1895/HTML/
567643,http://www.bu.edu/dbin/archives/Cooke/LFA1896/HTML/
567647,http://www.bu.edu/dbin/archives/Cooke/LFA1897/HTML/
567652,http://www.bu.edu/dbin/archives/Cooke/LFA1898/HTML/
567655,http://www.bu.edu/dbin/archives/Cooke/LFA1899/HTML/
567658,http://www.bu.edu/dbin/archives/Cooke/LFA%201900/HTML/
567667,http://www.bu.edu/dbin/archives/Cooke/LFA%201901/HTML/
567670,http://www.bu.edu/dbin/archives/Cooke/LFA%201902/HTML/
567673,http://www.bu.edu/dbin/archives/Cooke/LFA%201903/HTML/
567676,http://www.bu.edu/dbin/archives/Cooke/LFA%201904/HTML/
567679,http://www.bu.edu/dbin/archives/Cooke/LFA%201905/HTML/
567684,http://www.bu.edu/dbin/archives/Cooke/LFA%201906/HTML/
567688,http://www.bu.edu/dbin/archives/Cooke/LFA%201907/HTML/
567691,http://www.bu.edu/dbin/archives/Cooke/LFA%201908/HTML/
567695,http://www.bu.edu/dbin/archives/Cooke/LFA%201909/HTML/
567700,http://www.bu.edu/dbin/archives/Cooke/LFA%201910/HTML/
567703,http://www.bu.edu/dbin/archives/Cooke/LFA%201911/HTML/
567709,http://www.bu.edu/dbin/archives/Cooke/LFA%201912/HTML/
567712,http://www.bu.edu/dbin/archives/Cooke/LFA%201913/HTML/
567715,http://www.bu.edu/dbin/archives/Cooke/LFA%201914/HTML/
567718,http://www.bu.edu/dbin/archives/Cooke/LFA%201915/HTML/
567735,http://www.bu.edu/dbin/archives/Cooke/LFA%201916/HTML/
567739,http://www.bu.edu/dbin/archives/Cooke/LFA%201917/HTML/
567742,http://www.bu.edu/dbin/archives/Cooke/LFA%201918/HTML/
567745,http://www.bu.edu/dbin/archives/Cooke/LFA%201919/HTML/
567749,http://www.bu.edu/dbin/archives/Cooke/LFA%201920/HTML/
567757,http://www.bu.edu/dbin/archives/Cooke/LFA%201921/HTML/
567760,http://www.bu.edu/dbin/archives/Cooke/LFA%201922/HTML/
567763,http://www.bu.edu/dbin/archives/Cooke/LFA%201923/HTML/
567767,http://www.bu.edu/dbin/archives/Cooke/LFA%201924/HTML/
567770,http://www.bu.edu/dbin/archives/Cooke/LFA%201925/HTML/
567773,http://www.bu.edu/dbin/archives/Cooke/LFA%201926/HTML/
567782,http://www.bu.edu/dbin/archives/Cooke/LFA%201930/HTML/
567785,http://www.bu.edu/dbin/archives/Cooke/LFA%201931/HTML/
567788,http://www.bu.edu/dbin/archives/Cooke/LFA%201932/HTML/
567791,http://www.bu.edu/dbin/archives/Cooke/LFA%201933/HTML/
567795,http://www.bu.edu/dbin/archives/Cooke/LFA%201934/HTML/
567798,http://www.bu.edu/dbin/archives/Cooke/LFA%201935/HTML/
567801,http://www.bu.edu/dbin/archives/Cooke/LFA%201936/HTML/
567804,http://www.bu.edu/dbin/archives/Cooke/LFA%201937/HTML/
567808,http://www.bu.edu/dbin/archives/Cooke/LFA%201938/HTML/
567812,http://www.bu.edu/dbin/archives/Cooke/LFA%201939/HTML/
567815,http://www.bu.edu/dbin/archives/Cooke/LFA%201940/HTML/
567818,http://www.bu.edu/dbin/archives/Cooke/LFA%201941/HTML/
567821,http://www.bu.edu/dbin/archives/Cooke/LFA%201942/HTML/
567824,http://www.bu.edu/dbin/archives/Cooke/LFA%201943/HTML/
567827,http://www.bu.edu/dbin/archives/Cooke/LFA%201944/HTML/
567830,http://www.bu.edu/dbin/archives/Cooke/LFA%201945/HTML/
567833,http://www.bu.edu/dbin/archives/Cooke/LFA%201946/HTML/
567836,http://www.bu.edu/dbin/archives/Cooke/LFA%201947/HTML/
567839,http://www.bu.edu/dbin/archives/Cooke/LFA%201948/HTML/
567843,http://www.bu.edu/dbin/archives/Cooke/LFA%201949/HTML/
567846,http://www.bu.edu/dbin/archives/Cooke/LFA%201950/HTML/
567849,http://www.bu.edu/dbin/archives/Cooke/LFA%201951/HTML/
567852,http://www.bu.edu/dbin/archives/Cooke/LFA%201952/HTML/
567855,http://www.bu.edu/dbin/archives/Cooke/LFA%201953/HTML/
567858,http://www.bu.edu/dbin/archives/Cooke/LFA%201954/HTML/
567863,http://www.bu.edu/dbin/archives/Cooke/LFA%201955/HTML/
567866,http://www.bu.edu/dbin/archives/Cooke/LFA%201956/HTML/
567869,http://www.bu.edu/dbin/archives/Cooke/LFA%201957/HTML/
567872,http://www.bu.edu/dbin/archives/Cooke/LFA%201958/HTML/
567875,http://www.bu.edu/dbin/archives/Cooke/LFA%201959/HTML/
567878,http://www.bu.edu/dbin/archives/Cooke/LFA%201961/HTML/
567881,http://www.bu.edu/dbin/archives/Cooke/LFA%201963/HTML/
567885,http://www.bu.edu/dbin/archives/Cooke/LFA%201964/HTML/
567889,http://www.bu.edu/dbin/archives/Cooke/LFA%201965/HTML/
567892,http://www.bu.edu/dbin/archives/Cooke/LFA%201966/HTML/
567896,http://www.bu.edu/dbin/archives/Cooke/LFA%201967/HTML/
567899,http://www.bu.edu/dbin/archives/Cooke/LFA%201968/HTML/
567903,http://www.bu.edu/dbin/archives/Cooke/LFA%201969/HTML/
567907,http://www.bu.edu/dbin/archives/Cooke/LFA%201970/HTML/
567910,http://www.bu.edu/dbin/archives/Cooke/LFA%201971/HTML/
567913,http://www.bu.edu/dbin/archives/Cooke/LFA%201972/HTML/
567916,http://www.bu.edu/dbin/archives/Cooke/LFA%201973/HTML/
567919,http://www.bu.edu/dbin/archives/Cooke/LFA%201974/HTML/
567922,http://www.bu.edu/dbin/archives/Cooke/LFA%201975/HTML/
567925,http://www.bu.edu/dbin/archives/Cooke/LFA%201976/HTML/
567928,http://www.bu.edu/dbin/archives/Cooke/LFA%201977/HTML/
567931,http://www.bu.edu/dbin/archives/Cooke/LFA%201985/HTML/
567934,http://www.bu.edu/dbin/archives/Cooke/LFA%201987/HTML/
567937,http://www.bu.edu/dbin/archives/Cooke/LFA%201988/HTML/
567940,http://www.bu.edu/dbin/archives/Cooke/LFA%201989/HTML/
567944,http://www.bu.edu/dbin/archives/Cooke/LFA%201990/HTML/
567948,http://www.bu.edu/dbin/archives/Cooke/LFA%201991/HTML/
567953,http://www.bu.edu/dbin/archives/Cooke/LFA%201992/HTML/
567956,http://www.bu.edu/dbin/archives/Cooke/LFA%201993/HTML/
567960,http://www.bu.edu/dbin/archives/Cooke/LFA%201994/HTML/
567963,http://www.bu.edu/dbin/archives/Cooke/LFA%201998/HTML/
567967,http://www.bu.edu/dbin/archives/Cooke/LFA%201999/HTML/
567974,http://www.bu.edu/dbin/archives/Cooke/LFA%202000/HTML/
567979,http://www.bu.edu/dbin/archives/Cooke/LFA%202001/HTML/
567982,http://www.bu.edu/dbin/archives/Cooke/LFA%202002/HTML/
567988,http://www.bu.edu/dbin/archives/Cooke/LFA%202003/HTML/
567991,http://www.bu.edu/dbin/archives/Cooke/LFA%202004/HTML/
567994,http://www.bu.edu/dbin/archives/Cooke/LFA%202005/HTML/
567997,http://www.bu.edu/dbin/archives/Cooke/LFA%202006/HTML/
568000,http://www.bu.edu/dbin/archives/Cooke/LFA%202007/HTML/
568004,http://www.bu.edu/dbin/archives/Cooke/LFA%202008/HTML/
568007,http://www.bu.edu/dbin/archives/Cooke/LFA%202009/HTML/
568010,http://www.bu.edu/dbin/archives/Cooke/LFA%202010/HTML/
568013,http://www.bu.edu/dbin/archives/Cooke/LFA%202011/HTML/
568016,http://www.bu.edu/dbin/archives/Cooke/LFA%202012/HTML/
568019,http://www.bu.edu/dbin/archives/Cooke/LFA%202013/HTML/
568023,http://www.bu.edu/dbin/archives/Cooke/LFA%202015/HTML/
568026,http://www.bu.edu/dbin/archives/Cooke/LFA%202017/HTML/
568029,http://www.bu.edu/dbin/archives/Cooke/LFA%202018/HTML/
568032,http://www.bu.edu/dbin/archives/Cooke/LFA%202019/HTML/
568035,http://www.bu.edu/dbin/archives/Cooke/LFA%202021/HTML/
568038,http://www.bu.edu/dbin/archives/Cooke/LFA%202022/HTML/
568041,http://www.bu.edu/dbin/archives/Cooke/LFA%202023/HTML/
568044,http://www.bu.edu/dbin/archives/Cooke/LFA%202024/HTML/
568047,http://www.bu.edu/dbin/archives/Cooke/LFA%202025/HTML/
568050,http://www.bu.edu/dbin/archives/Cooke/LFA%202026/HTML/
568053,http://www.bu.edu/dbin/archives/Cooke/LFA%202027/HTML/
568056,http://www.bu.edu/dbin/archives/Cooke/LFA%202029/HTML/
568059,http://www.bu.edu/dbin/archives/Cooke/LFA%202030/HTML/
568062,http://www.bu.edu/dbin/archives/Cooke/LFA%202034/HTML/
568065,http://www.bu.edu/dbin/archives/Cooke/LFA%202035/HTML/
568068,http://www.bu.edu/dbin/archives/Cooke/LFA%202036/HTML/
568082,http://www.bu.edu/dbin/archives/Cooke/LFA%202037/HTML/
568085,http://www.bu.edu/dbin/archives/Cooke/LFA%202038/HTML/
568088,http://www.bu.edu/dbin/archives/Cooke/LFA%202039/HTML/
568091,http://www.bu.edu/dbin/archives/Cooke/LFA%202040/HTML/
568094,http://www.bu.edu/dbin/archives/Cooke/LFA%202041/HTML/
568097,http://www.bu.edu/dbin/archives/Cooke/LFA%202042/HTML/
568149,http://www.bu.edu/dbin/archives/Cooke/LFA%202044/HTML/
568152,http://www.bu.edu/dbin/archives/Cooke/LFA%202045/HTML/
568155,http://www.bu.edu/dbin/archives/Cooke/LFA%202046/HTML/
568158,http://www.bu.edu/dbin/archives/Cooke/LFA%202047/HTML/
568161,http://www.bu.edu/dbin/archives/Cooke/LFA%202048/HTML/
568164,http://www.bu.edu/dbin/archives/Cooke/LFA%202049/HTML/
568167,http://www.bu.edu/dbin/archives/Cooke/LFA%202050/HTML/
568220,http://www.bu.edu/dbin/archives/Cooke/LFA%202051/HTML/
568223,http://www.bu.edu/dbin/archives/Cooke/LFA%202052/HTML/
568226,http://www.bu.edu/dbin/archives/Cooke/LFA%202053/HTML/
568229,http://www.bu.edu/dbin/archives/Cooke/LFA%202054/HTML/
568232,http://www.bu.edu/dbin/archives/Cooke/LFA%202055/HTML/
568235,http://www.bu.edu/dbin/archives/Cooke/LFA%202056/HTML/
568238,http://www.bu.edu/dbin/archives/Cooke/LFA%202057/HTML/
568241,http://www.bu.edu/dbin/archives/Cooke/LFA%202060/HTML/
568244,http://www.bu.edu/dbin/archives/Cooke/LFA%202062/HTML/
568252,http://www.bu.edu/dbin/archives/Cooke/LFA%202063/HTML/
568255,http://www.bu.edu/dbin/archives/Cooke/LFA%202064/HTML/
568258,http://www.bu.edu/dbin/archives/Cooke/LFA%202065/HTML/
568261,http://www.bu.edu/dbin/archives/Cooke/LFA%202066/HTML/
568264,http://www.bu.edu/dbin/archives/Cooke/LFA%202067/HTML/
568267,http://www.bu.edu/dbin/archives/Cooke/LFA%202068/HTML/
568282,http://www.bu.edu/dbin/archives/Cooke/LFA%202069/HTML/
568285,http://www.bu.edu/dbin/archives/Cooke/LFA%202070/HTML/
568288,http://www.bu.edu/dbin/archives/Cooke/LFA%202071/HTML/
568292,http://www.bu.edu/dbin/archives/Cooke/LFA%202072/HTML/
568296,http://www.bu.edu/dbin/archives/Cooke/LFA%202073/HTML/
568301,http://www.bu.edu/dbin/archives/Cooke/LFA%202074/HTML/
568305,http://www.bu.edu/dbin/archives/Cooke/LFA%202075/HTML/
568309,http://www.bu.edu/dbin/archives/Cooke/LFA%202076/HTML/
568314,http://www.bu.edu/dbin/archives/Cooke/LFA%202077/HTML/
568318,http://www.bu.edu/dbin/archives/Cooke/LFA%202081/HTML/
568369,http://www.bu.edu/dbin/archives/Cooke/LFA%202082/HTML/
568372,http://www.bu.edu/dbin/archives/Cooke/LFA%202083/HTML/
568376,http://www.bu.edu/dbin/archives/Cooke/LFA%202084/HTML/
568383,http://www.bu.edu/dbin/archives/Cooke/LFA%202085/HTML/
568387,http://www.bu.edu/dbin/archives/Cooke/LFA%202086/HTML/
568409,http://www.bu.edu/dbin/archives/Cooke/LFA%202087/HTML/
568412,http://www.bu.edu/dbin/archives/Cooke/LFA%202088/HTML/
568417,http://www.bu.edu/dbin/archives/Cooke/LFA%202090/HTML/
568420,http://www.bu.edu/dbin/archives/Cooke/LFA%202091/HTML/
568424,http://www.bu.edu/dbin/archives/Cooke/LFA%202093/HTML/
568427,http://www.bu.edu/dbin/archives/Cooke/LFA%202092/HTML/
568430,http://www.bu.edu/dbin/archives/Cooke/LFA%202094/HTML/
568436,http://www.bu.edu/dbin/archives/Cooke/LFA%202097/HTML/
568439,http://www.bu.edu/dbin/archives/Cooke/LFA%202098/HTML/
568530,http://www.bu.edu/dbin/archives/Cooke/LFA%202099/HTML/
568538,http://www.bu.edu/dbin/archives/Cooke/LFA%202100/HTML/
568554,http://www.bu.edu/dbin/archives/Cooke/LFA%202101/HTML/
568557,http://www.bu.edu/dbin/archives/Cooke/LFA%202102/HTML/
568560,http://www.bu.edu/dbin/archives/Cooke/LFA%202103/HTML/
568563,http://www.bu.edu/dbin/archives/Cooke/LFA%202104/HTML/
568566,http://www.bu.edu/dbin/archives/Cooke/LFA%202105/HTML/
568569,http://www.bu.edu/dbin/archives/Cooke/LFA%202107/HTML/
568572,http://www.bu.edu/dbin/archives/Cooke/LFA%202108/HTML/
568575,http://www.bu.edu/dbin/archives/Cooke/LFA%202109/HTML/
568578,http://www.bu.edu/dbin/archives/Cooke/LFA%202110/HTML/
568581,http://www.bu.edu/dbin/archives/Cooke/LFA%202111/HTML/
568584,http://www.bu.edu/dbin/archives/Cooke/LFA%202112/HTML/
568587,http://www.bu.edu/dbin/archives/Cooke/LFA%202113/HTML/
568590,http://www.bu.edu/dbin/archives/Cooke/LFA%202114/HTML/
568593,http://www.bu.edu/dbin/archives/Cooke/LFA%202115/HTML/
568596,http://www.bu.edu/dbin/archives/Cooke/LFA%202116/HTML/
568599,http://www.bu.edu/dbin/archives/Cooke/LFA%202117/HTML/
568602,http://www.bu.edu/dbin/archives/Cooke/LFA%202118/HTML/
568605,http://www.bu.edu/dbin/archives/Cooke/LFA%202119/HTML/
568608,http://www.bu.edu/dbin/archives/Cooke/LFA%202120/HTML/
568611,http://www.bu.edu/dbin/archives/Cooke/LFA%202121/HTML/
568614,http://www.bu.edu/dbin/archives/Cooke/LFA%202122/HTML/
568617,http://www.bu.edu/dbin/archives/Cooke/LFA%202123/HTML/
568620,http://www.bu.edu/dbin/archives/Cooke/LFA%202124/HTML/
568625,http://www.bu.edu/dbin/archives/Cooke/LFA%202126/HTML/
568628,http://www.bu.edu/dbin/archives/Cooke/LFA%202127/HTML/
568631,http://www.bu.edu/dbin/archives/Cooke/LFA%202128/HTML/
568634,http://www.bu.edu/dbin/archives/Cooke/LFA%202129/HTML/
568637,http://www.bu.edu/dbin/archives/Cooke/LFA%202130/HTML/
568640,http://www.bu.edu/dbin/archives/Cooke/LFA%202131/HTML/
568643,http://www.bu.edu/dbin/archives/Cooke/LFA%202132/HTML/
568646,http://www.bu.edu/dbin/archives/Cooke/LFA%202133/HTML/
568649,http://www.bu.edu/dbin/archives/Cooke/LFA%202134/HTML/
568652,http://www.bu.edu/dbin/archives/Cooke/LFA%202135/HTML/
568655,http://www.bu.edu/dbin/archives/Cooke/LFA%202136/HTML/
568658,http://www.bu.edu/dbin/archives/Cooke/LFA%202137/HTML/
568662,http://www.bu.edu/dbin/archives/Cooke/LFA%202138/HTML/
568665,http://www.bu.edu/dbin/archives/Cooke/LFA%202139/HTML/
568668,http://www.bu.edu/dbin/archives/Cooke/LFA%202140/HTML/
568671,http://www.bu.edu/dbin/archives/Cooke/LFA%202141/HTML/
568674,http://www.bu.edu/dbin/archives/Cooke/LFA%202142/HTML/
97444,http://www.bu.edu/dbin/archives/content/holdings/LFA2248/HTML 
97821,http://www.bu.edu/dbin/archives/content/holdings/LFA2249/HTML 
