PID,Archive ID,Letter Number,Archive URL,iFrame
p00yh7j3,109542,2272,http://archives.bu.edu/web/alistair-cooke/search-letters/detail?id=109542,http://www.bu.edu/dbin/archives/content/holdings/LFA2272/HTML 
b0089kdd,248608,202,http://archives.bu.edu/web/alistair-cooke/search-letters/detail?id=248608,http://www.bu.edu/dbin/archives/digital_objects/LFA%20202/HTML/ 
p00yqqwm,248610,1517,http://archives.bu.edu/web/alistair-cooke/search-letters/detail?id=248610,http://www.bu.edu/dbin/archives/content/holdings/LFA1517/HTML 
p00ydtg7,248611,2096,http://archives.bu.edu/web/alistair-cooke/search-letters/detail?id=248611,http://www.bu.edu/dbin/archives/Cooke/LFA%202096/HTML/
p00yh7mn,248612,2266,http://archives.bu.edu/web/alistair-cooke/search-letters/detail?id=248612,http://www.bu.edu/dbin/archives/content/holdings/LFA2266/HTML 
p00yh7ff,248613,2279,http://archives.bu.edu/web/alistair-cooke/search-letters/detail?id=248613,http://www.bu.edu/dbin/archives/content/holdings/LFA2279/HTML 
p00yh7d9,248614,2287,http://archives.bu.edu/web/alistair-cooke/search-letters/detail?id=248614,http://www.bu.edu/dbin/archives/content/holdings/LFA2287/HTML 
p00ylf0m,248615,2337,http://archives.bu.edu/web/alistair-cooke/search-letters/detail?id=248615,http://www.bu.edu/dbin/archives/content/holdings/LFA2337/HTML 
p00yldzm,248616,2341,http://archives.bu.edu/web/alistair-cooke/search-letters/detail?id=248616,http://www.bu.edu/dbin/archives/content/holdings/LFA2341/HTML 
p00yljgh,248617,2392,http://archives.bu.edu/web/alistair-cooke/search-letters/detail?id=248617,http://www.bu.edu/dbin/archives/content/holdings/LFA2392/HTML 
p00yktjj,248618,2430,http://archives.bu.edu/web/alistair-cooke/search-letters/detail?id=248618,http://www.bu.edu/dbin/archives/content/holdings/LFA2430/HTML
b008czxp,248620,2464,http://archives.bu.edu/web/alistair-cooke/search-letters/detail?id=248620,http://www.bu.edu/dbin/archives/content/holdings/LFA2464/HTML
p00yjvj3,248621,2490,http://archives.bu.edu/web/alistair-cooke/search-letters/detail?id=248621,http://www.bu.edu/dbin/archives/content/holdings/LFA2490/HTML
p00yj9j0,248622,2523,http://archives.bu.edu/web/alistair-cooke/search-letters/detail?id=248622,http://www.bu.edu/dbin/archives/content/holdings/LFA2523/HTML
p00yj9wb,248623,2546,http://archives.bu.edu/web/alistair-cooke/search-letters/detail?id=248623,http://www.bu.edu/dbin/archives/content/holdings/LFA2546/HTML
p00yjfyt,248624,2563,http://archives.bu.edu/web/alistair-cooke/search-letters/detail?id=248624,http://www.bu.edu/dbin/archives/content/holdings/LFA2563/HTML
p00symxc,248625,2605,http://archives.bu.edu/web/alistair-cooke/search-letters/detail?id=248625,http://www.bu.edu/dbin/archives/content/holdings/LFA2605/HTML
p00sym0r,248626,2653,http://archives.bu.edu/web/alistair-cooke/search-letters/detail?id=248626,http://www.bu.edu/dbin/archives/content/holdings/LFA2653/HTML
p00szry7,248627,2700,http://archives.bu.edu/web/alistair-cooke/search-letters/detail?id=248627,http://www.bu.edu/dbin/archives/content/holdings/LFA2700/HTML
p00yh873,249615,2238,http://archives.bu.edu/web/alistair-cooke/search-letters/detail?id=249615,http://www.bu.edu/dbin/archives/content/holdings/LFA2238/HTML 
p00yh86q,249619,2239,http://archives.bu.edu/web/alistair-cooke/search-letters/detail?id=249619,http://www.bu.edu/dbin/archives/content/holdings/LFA2239/HTML 
p00yh84q,249623,2240,http://archives.bu.edu/web/alistair-cooke/search-letters/detail?id=249623,http://www.bu.edu/dbin/archives/content/holdings/LFA2240/HTML 
p00yh83q,249636,2241,http://archives.bu.edu/web/alistair-cooke/search-letters/detail?id=249636,http://www.bu.edu/dbin/archives/content/holdings/LFA2241/HTML 
p00yh7zb,249637,2250,http://archives.bu.edu/web/alistair-cooke/search-letters/detail?id=249637,http://www.bu.edu/dbin/archives/content/holdings/LFA2250/HTML 
p00yh82v,249640,2242,http://archives.bu.edu/web/alistair-cooke/search-letters/detail?id=249640,http://www.bu.edu/dbin/archives/content/holdings/LFA2242/HTML 
p00yh821,249646,2243,http://archives.bu.edu/web/alistair-cooke/search-letters/detail?id=249646,http://www.bu.edu/dbin/archives/content/holdings/LFA2243/HTML 
p00yh81h,249650,2244,http://archives.bu.edu/web/alistair-cooke/search-letters/detail?id=249650,http://www.bu.edu/dbin/archives/content/holdings/LFA2244/HTML 
p00yh80h,249654,2245,http://archives.bu.edu/web/alistair-cooke/search-letters/detail?id=249654,http://www.bu.edu/dbin/archives/content/holdings/LFA2245/HTML 
p00yh809,249660,2246,http://archives.bu.edu/web/alistair-cooke/search-letters/detail?id=249660,http://www.bu.edu/dbin/archives/content/holdings/LFA2246/HTML 
p00yh801,249666,2247,http://archives.bu.edu/web/alistair-cooke/search-letters/detail?id=249666,http://www.bu.edu/dbin/archives/content/holdings/LFA2247/HTML 
p00yh7yk,249671,2251,http://archives.bu.edu/web/alistair-cooke/search-letters/detail?id=249671,http://www.bu.edu/dbin/archives/content/holdings/LFA2251/HTML 
p00yh7xn,249676,2252,http://archives.bu.edu/web/alistair-cooke/search-letters/detail?id=249676,http://www.bu.edu/dbin/archives/content/holdings/LFA2252/HTML 
p00yh7vc,249680,2253,http://archives.bu.edu/web/alistair-cooke/search-letters/detail?id=249680,http://www.bu.edu/dbin/archives/content/holdings/LFA2253/HTML 
p00yh7tt,249686,2254,http://archives.bu.edu/web/alistair-cooke/search-letters/detail?id=249686,http://www.bu.edu/dbin/archives/content/holdings/LFA2254/HTML 
p00yh8b1,249690,2255,http://archives.bu.edu/web/alistair-cooke/search-letters/detail?id=249690,http://www.bu.edu/dbin/archives/content/holdings/LFA2255/HTML 
p00yh7t2,249694,2256,http://archives.bu.edu/web/alistair-cooke/search-letters/detail?id=249694,http://www.bu.edu/dbin/archives/content/holdings/LFA2256/HTML 
p00yh7qz,249697,2257,http://archives.bu.edu/web/alistair-cooke/search-letters/detail?id=249697,http://www.bu.edu/dbin/archives/content/holdings/LFA2257/HTML 
p00yh7q9,262861,2258,http://archives.bu.edu/web/alistair-cooke/search-letters/detail?id=262861,http://www.bu.edu/dbin/archives/content/holdings/LFA2258/HTML 
p00yh7pp,262866,2259,http://archives.bu.edu/web/alistair-cooke/search-letters/detail?id=262866,http://www.bu.edu/dbin/archives/content/holdings/LFA2259/HTML 
p00yh7nz,262870,2260,http://archives.bu.edu/web/alistair-cooke/search-letters/detail?id=262870,http://www.bu.edu/dbin/archives/content/holdings/LFA2260/HTML 
p00yh7nf,262875,2261,http://archives.bu.edu/web/alistair-cooke/search-letters/detail?id=262875,http://www.bu.edu/dbin/archives/content/holdings/LFA2261/HTML 
p00yh89c,262881,2262,http://archives.bu.edu/web/alistair-cooke/search-letters/detail?id=262881,http://www.bu.edu/dbin/archives/content/holdings/LFA2262/HTML 
p00yh7n9,262886,2263,http://archives.bu.edu/web/alistair-cooke/search-letters/detail?id=262886,http://www.bu.edu/dbin/archives/content/holdings/LFA2263/HTML 
p00yh7n1,262897,2264,http://archives.bu.edu/web/alistair-cooke/search-letters/detail?id=262897,http://www.bu.edu/dbin/archives/content/holdings/LFA2264/HTML 
p00yh7mv,262906,2265,http://archives.bu.edu/web/alistair-cooke/search-letters/detail?id=262906,http://www.bu.edu/dbin/archives/content/holdings/LFA2265/HTML 
p00yh7ll,262913,2267,http://archives.bu.edu/web/alistair-cooke/search-letters/detail?id=262913,http://www.bu.edu/dbin/archives/content/holdings/LFA2267/HTML 
p00ylf03,263168,2339,http://archives.bu.edu/web/alistair-cooke/search-letters/detail?id=263168,http://www.bu.edu/dbin/archives/content/holdings/LFA2339/HTML 
p00yh7l2,277981,2268,http://archives.bu.edu/web/alistair-cooke/search-letters/detail?id=277981,http://www.bu.edu/dbin/archives/content/holdings/LFA2268/HTML 
p00yh7jt,277989,2270,http://archives.bu.edu/web/alistair-cooke/search-letters/detail?id=277989,http://www.bu.edu/dbin/archives/content/holdings/LFA2270/HTML 
p00yh7hr,277993,2273,http://archives.bu.edu/web/alistair-cooke/search-letters/detail?id=277993,http://www.bu.edu/dbin/archives/content/holdings/LFA2273/HTML 
p00yh7h7,277996,2274,http://archives.bu.edu/web/alistair-cooke/search-letters/detail?id=277996,http://www.bu.edu/dbin/archives/content/holdings/LFA2274/HTML 
p00ylfr3,278002,2290,http://archives.bu.edu/web/alistair-cooke/search-letters/detail?id=278002,http://www.bu.edu/dbin/archives/content/holdings/LFA2290/HTML 
p00ylfqm,278007,2291,http://archives.bu.edu/web/alistair-cooke/search-letters/detail?id=278007,http://www.bu.edu/dbin/archives/content/holdings/LFA2291/HTML 
p00ylfq1,278011,2292,http://archives.bu.edu/web/alistair-cooke/search-letters/detail?id=278011,http://www.bu.edu/dbin/archives/content/holdings/LFA2292/HTML 
p00ylfnv,278014,2293,http://archives.bu.edu/web/alistair-cooke/search-letters/detail?id=278014,http://www.bu.edu/dbin/archives/content/holdings/LFA2293/HTML 
p00ylfn0,278017,2294,http://archives.bu.edu/web/alistair-cooke/search-letters/detail?id=278017,http://www.bu.edu/dbin/archives/content/holdings/LFA2294/HTML 
p00ylfm5,278020,2295,http://archives.bu.edu/web/alistair-cooke/search-letters/detail?id=278020,http://www.bu.edu/dbin/archives/content/holdings/LFA2295/HTML 
p00ylg1w,278025,2296,http://archives.bu.edu/web/alistair-cooke/search-letters/detail?id=278025,http://www.bu.edu/dbin/archives/content/holdings/LFA2296/HTML 
p00ylfhn,283834,2301,http://archives.bu.edu/web/alistair-cooke/search-letters/detail?id=283834,http://www.bu.edu/dbin/archives/content/holdings/LFA%202301/HTML 
p00z2lj7,283839,2303,http://archives.bu.edu/web/alistair-cooke/search-letters/detail?id=283839,http://www.bu.edu/dbin/archives/content/holdings/LFA2303/HTML 
p00ylfh2,283844,2304,http://archives.bu.edu/web/alistair-cooke/search-letters/detail?id=283844,http://www.bu.edu/dbin/archives/content/holdings/LFA2304/HTML 
p00z2lly,283849,2305,http://archives.bu.edu/web/alistair-cooke/search-letters/detail?id=283849,http://www.bu.edu/dbin/archives/content/holdings/LFA2305/HTML 
p00z2lnq,283855,2306,http://archives.bu.edu/web/alistair-cooke/search-letters/detail?id=283855,http://www.bu.edu/dbin/archives/content/holdings/LFA2306/HTML 
p00ylfgk,283862,2307,http://archives.bu.edu/web/alistair-cooke/search-letters/detail?id=283862,http://www.bu.edu/dbin/archives/content/holdings/LFA2307/HTML 
p00ylfg2,283865,2308,http://archives.bu.edu/web/alistair-cooke/search-letters/detail?id=283865,http://www.bu.edu/dbin/archives/content/holdings/LFA2308/HTML 
p00ylffn,283868,2309,http://archives.bu.edu/web/alistair-cooke/search-letters/detail?id=283868,http://www.bu.edu/dbin/archives/content/holdings/LFA2309/HTML 
p00z2lv4,283873,2310,http://archives.bu.edu/web/alistair-cooke/search-letters/detail?id=283873,http://www.bu.edu/dbin/archives/content/holdings/LFA2310/HTML 
p00ylff2,283879,2311,http://archives.bu.edu/web/alistair-cooke/search-letters/detail?id=283879,http://www.bu.edu/dbin/archives/content/holdings/LFA2311/HTML 
p00ylg64,286910,2322,http://archives.bu.edu/web/alistair-cooke/search-letters/detail?id=286910,http://www.bu.edu/dbin/archives/content/holdings/LFA2322/HTML 
p00ylf7z,287310,2323,http://archives.bu.edu/web/alistair-cooke/search-letters/detail?id=287310,http://www.bu.edu/dbin/archives/content/holdings/LFA2323/HTML 
p00ylf7l,287315,2324,http://archives.bu.edu/web/alistair-cooke/search-letters/detail?id=287315,http://www.bu.edu/dbin/archives/content/holdings/LFA2324/HTML 
p00ylf76,287320,2325,http://archives.bu.edu/web/alistair-cooke/search-letters/detail?id=287320,http://www.bu.edu/dbin/archives/content/holdings/LFA2325/HTML 
p00ylf6w,287327,2326,http://archives.bu.edu/web/alistair-cooke/search-letters/detail?id=287327,http://www.bu.edu/dbin/archives/content/holdings/LFA2326/HTML 
p00ylf69,287330,2327,http://archives.bu.edu/web/alistair-cooke/search-letters/detail?id=287330,http://www.bu.edu/dbin/archives/content/holdings/LFA2327/HTML 
p00ylf5n,287340,2328,http://archives.bu.edu/web/alistair-cooke/search-letters/detail?id=287340,http://www.bu.edu/dbin/archives/content/holdings/LFA2328/HTML 
p00ylf4v,287357,2329,http://archives.bu.edu/web/alistair-cooke/search-letters/detail?id=287357,http://www.bu.edu/dbin/archives/content/holdings/LFA2329/HTML 
p00ylf3q,287375,2331,http://archives.bu.edu/web/alistair-cooke/search-letters/detail?id=287375,http://www.bu.edu/dbin/archives/content/holdings/LFA2331/HTML 
p00ylf3q,287392,2332,http://archives.bu.edu/web/alistair-cooke/search-letters/detail?id=287392,http://www.bu.edu/dbin/archives/digital_objects/LFA2332/HTML/
p00z2p1p,287845,2343,http://archives.bu.edu/web/alistair-cooke/search-letters/detail?id=287845,http://www.bu.edu/dbin/archives/content/holdings/LFA2343/HTML 
p00ylk8m,287848,2344,http://archives.bu.edu/web/alistair-cooke/search-letters/detail?id=287848,http://www.bu.edu/dbin/archives/content/holdings/LFA2344/HTML 
p00ylk79,287852,2345,http://archives.bu.edu/web/alistair-cooke/search-letters/detail?id=287852,http://www.bu.edu/dbin/archives/content/holdings/LFA2345/HTML 
p00ylk65,287861,2346,http://archives.bu.edu/web/alistair-cooke/search-letters/detail?id=287861,http://www.bu.edu/dbin/archives/content/holdings/LFA2346/HTML 
b008cpb3,287867,2347,http://archives.bu.edu/web/alistair-cooke/search-letters/detail?id=287867,http://www.bu.edu/dbin/archives/content/holdings/LFA2347/HTML 
p00ylk5c,287874,2348,http://archives.bu.edu/web/alistair-cooke/search-letters/detail?id=287874,http://www.bu.edu/dbin/archives/content/holdings/LFA2348/HTML 
p00ylk4y,287878,2349,http://archives.bu.edu/web/alistair-cooke/search-letters/detail?id=287878,http://www.bu.edu/dbin/archives/content/holdings/LFA2349/HTML 
p00ylk4p,287881,2350,http://archives.bu.edu/web/alistair-cooke/search-letters/detail?id=287881,http://www.bu.edu/dbin/archives/content/holdings/LFA2350/HTML 
p00ylk41,287886,2351,http://archives.bu.edu/web/alistair-cooke/search-letters/detail?id=287886,http://www.bu.edu/dbin/archives/content/holdings/LFA2351/HTML 
p00ylk36,287889,2352,http://archives.bu.edu/web/alistair-cooke/search-letters/detail?id=287889,http://www.bu.edu/dbin/archives/content/holdings/LFA2352/HTML 
p00ylf29,287892,2333,http://archives.bu.edu/web/alistair-cooke/search-letters/detail?id=287892,http://www.bu.edu/dbin/archives/content/holdings/LFA2333/HTML 
p00ylg6r,287897,2334,http://archives.bu.edu/web/alistair-cooke/search-letters/detail?id=287897,http://www.bu.edu/dbin/archives/content/holdings/LFA2334/HTML 
p00ylf1g,287901,2335,http://archives.bu.edu/web/alistair-cooke/search-letters/detail?id=287901,http://www.bu.edu/dbin/archives/content/holdings/LFA2335/HTML 
p00ylf0z,306141,2336,http://archives.bu.edu/web/alistair-cooke/search-letters/detail?id=306141,http://www.bu.edu/dbin/archives/content/holdings/LFA2336/HTML 
p00ylf0f,306147,2338,http://archives.bu.edu/web/alistair-cooke/search-letters/detail?id=306147,http://www.bu.edu/dbin/archives/content/holdings/LFA2338/HTML 
p00yldzv,306151,2340,http://archives.bu.edu/web/alistair-cooke/search-letters/detail?id=306151,http://www.bu.edu/dbin/archives/content/holdings/LFA2340/HTML 
p00yldz2,306164,2342,http://archives.bu.edu/web/alistair-cooke/search-letters/detail?id=306164,http://www.bu.edu/dbin/archives/content/holdings/LFA2342/HTML 
p00ylk2b,306870,2353,http://archives.bu.edu/web/alistair-cooke/search-letters/detail?id=306870,http://www.bu.edu/dbin/archives/content/holdings/LFA2353/HTML 
p00ylk1v,306874,2354,http://archives.bu.edu/web/alistair-cooke/search-letters/detail?id=306874,http://www.bu.edu/dbin/archives/content/holdings/LFA2354/HTML 
p00ylk0t,306879,2355,http://archives.bu.edu/web/alistair-cooke/search-letters/detail?id=306879,http://www.bu.edu/dbin/archives/content/holdings/LFA2355/HTML 
p00yljzm,306884,2357,http://archives.bu.edu/web/alistair-cooke/search-letters/detail?id=306884,http://www.bu.edu/dbin/archives/content/holdings/LFA2357/HTML 
p00yljyf,306887,2358,http://archives.bu.edu/web/alistair-cooke/search-letters/detail?id=306887,http://www.bu.edu/dbin/archives/content/holdings/LFA2358/HTML 
p00yljxx,306891,2359,http://archives.bu.edu/web/alistair-cooke/search-letters/detail?id=306891,http://www.bu.edu/dbin/archives/content/holdings/LFA2359/HTML 
p00yljxf,306894,2360,http://archives.bu.edu/web/alistair-cooke/search-letters/detail?id=306894,http://www.bu.edu/dbin/archives/content/holdings/LFA2360/HTML 
p00yljwk,306900,2361,http://archives.bu.edu/web/alistair-cooke/search-letters/detail?id=306900,http://www.bu.edu/dbin/archives/content/holdings/LFA2361/HTML 
p00yljvk,306907,2362,http://archives.bu.edu/web/alistair-cooke/search-letters/detail?id=306907,http://www.bu.edu/dbin/archives/content/holdings/LFA2362/HTML 
p00yljv0,306911,2363,http://archives.bu.edu/web/alistair-cooke/search-letters/detail?id=306911,http://www.bu.edu/dbin/archives/content/holdings/LFA2363/HTML 
p00yljt6,306920,2364,http://archives.bu.edu/web/alistair-cooke/search-letters/detail?id=306920,http://www.bu.edu/dbin/archives/content/holdings/LFA2364/HTML 
p00yljs7,306923,2365,http://archives.bu.edu/web/alistair-cooke/search-letters/detail?id=306923,http://www.bu.edu/dbin/archives/content/holdings/LFA2365/HTML 
p00yljrn,306927,2366,http://archives.bu.edu/web/alistair-cooke/search-letters/detail?id=306927,http://www.bu.edu/dbin/archives/content/holdings/LFA2366/HTML 
p00yljqy,306931,2367,http://archives.bu.edu/web/alistair-cooke/search-letters/detail?id=306931,http://www.bu.edu/dbin/archives/content/holdings/LFA2367/HTML 
p00yljq5,306936,2368,http://archives.bu.edu/web/alistair-cooke/search-letters/detail?id=306936,http://www.bu.edu/dbin/archives/content/holdings/LFA2368/HTML 
p00yljpf,306940,2369,http://archives.bu.edu/web/alistair-cooke/search-letters/detail?id=306940,http://www.bu.edu/dbin/archives/content/holdings/LFA2369/HTML 
p00yljp4,306945,2370,http://archives.bu.edu/web/alistair-cooke/search-letters/detail?id=306945,http://www.bu.edu/dbin/archives/content/holdings/LFA2370/HTML 
p00yljnr,306949,2371,http://archives.bu.edu/web/alistair-cooke/search-letters/detail?id=306949,http://www.bu.edu/dbin/archives/content/holdings/LFA2371/HTML 
p00yljn9,306960,2372,http://archives.bu.edu/web/alistair-cooke/search-letters/detail?id=306960,http://www.bu.edu/dbin/archives/content/holdings/LFA2372/HTML 
p00yljmz,306965,2373,http://archives.bu.edu/web/alistair-cooke/search-letters/detail?id=306965,http://www.bu.edu/dbin/archives/content/holdings/LFA2373/HTML 
p00yljmv,307031,2374,http://archives.bu.edu/web/alistair-cooke/search-letters/detail?id=307031,http://www.bu.edu/dbin/archives/content/holdings/LFA2374/HTML 
p00yljmp,307037,2375,http://archives.bu.edu/web/alistair-cooke/search-letters/detail?id=307037,http://www.bu.edu/dbin/archives/content/holdings/LFA2375/HTML 
p00yljmg,326788,2376,http://archives.bu.edu/web/alistair-cooke/search-letters/detail?id=326788,http://www.bu.edu/dbin/archives/content/holdings/LFA2376/HTML 
p00yljm8,326810,2377,http://archives.bu.edu/web/alistair-cooke/search-letters/detail?id=326810,http://www.bu.edu/dbin/archives/content/holdings/LFA2377/HTML 
p00yljlx,326838,2378,http://archives.bu.edu/web/alistair-cooke/search-letters/detail?id=326838,http://www.bu.edu/dbin/archives/content/holdings/LFA2378/HTML 
p00yljlm,326842,2379,http://archives.bu.edu/web/alistair-cooke/search-letters/detail?id=326842,http://www.bu.edu/dbin/archives/content/holdings/LFA2379/HTML 
p00ylkv1,327354,2380,http://archives.bu.edu/web/alistair-cooke/search-letters/detail?id=327354,http://www.bu.edu/dbin/archives/content/holdings/LFA2380/HTML 
p00yljl9,327377,2381,http://archives.bu.edu/web/alistair-cooke/search-letters/detail?id=327377,http://www.bu.edu/dbin/archives/content/holdings/LFA2381/HTML 
p00yljkz,327482,2383,http://archives.bu.edu/web/alistair-cooke/search-letters/detail?id=327482,http://www.bu.edu/dbin/archives/content/holdings/LFA2383/HTML 
p00ylktr,327486,2384,http://archives.bu.edu/web/alistair-cooke/search-letters/detail?id=327486,http://www.bu.edu/dbin/archives/content/holdings/LFA2384/HTML 
p00yljkp,327489,2385,http://archives.bu.edu/web/alistair-cooke/search-letters/detail?id=327489,http://www.bu.edu/dbin/archives/content/holdings/LFA2385/HTML 
p00yljk7,327493,2386,http://archives.bu.edu/web/alistair-cooke/search-letters/detail?id=327493,http://www.bu.edu/dbin/archives/content/holdings/LFA2386/HTML 
p00yljjm,329769,2387,http://archives.bu.edu/web/alistair-cooke/search-letters/detail?id=329769,http://www.bu.edu/dbin/archives/content/holdings/LFA2387/HTML 
p00yljjm,330678,2388,http://archives.bu.edu/web/alistair-cooke/search-letters/detail?id=330678,http://www.bu.edu/dbin/archives/content/holdings/LFA2388/HTML 
p00yljhj,330683,2389,http://archives.bu.edu/web/alistair-cooke/search-letters/detail?id=330683,http://www.bu.edu/dbin/archives/content/holdings/LFA2389/HTML 
p00yljgz,330685,2390,http://archives.bu.edu/web/alistair-cooke/search-letters/detail?id=330685,http://www.bu.edu/dbin/archives/content/holdings/LFA2390/HTML 
p00yljgr,330691,2391,http://archives.bu.edu/web/alistair-cooke/search-letters/detail?id=330691,http://www.bu.edu/dbin/archives/content/holdings/LFA2391/HTML 
p00yljgc,330698,2393,http://archives.bu.edu/web/alistair-cooke/search-letters/detail?id=330698,http://www.bu.edu/dbin/archives/content/holdings/LFA2393/HTML 
p00yljg5,330699,2394,http://archives.bu.edu/web/alistair-cooke/search-letters/detail?id=330699,http://www.bu.edu/dbin/archives/content/holdings/LFA2394/HTML 
p00yktz2,330704,2395,http://archives.bu.edu/web/alistair-cooke/search-letters/detail?id=330704,http://www.bu.edu/dbin/archives/content/holdings/LFA2395/HTML 
p00ykty7,332467,2396,http://archives.bu.edu/web/alistair-cooke/search-letters/detail?id=332467,http://www.bu.edu/dbin/archives/content/holdings/LFA2396/HTML 
p00yktb6,334413,2397,http://archives.bu.edu/web/alistair-cooke/search-letters/detail?id=334413,http://www.bu.edu/dbin/archives/content/holdings/LFA2397/HTML 
p00yktx7,334426,2398,http://archives.bu.edu/web/alistair-cooke/search-letters/detail?id=334426,http://www.bu.edu/dbin/archives/content/holdings/LFA2398/HTML 
p00yktw7,334441,2399,http://archives.bu.edu/web/alistair-cooke/search-letters/detail?id=334441,http://www.bu.edu/dbin/archives/content/holdings/LFA2399/HTML 
p00yktvg,334448,2400,http://archives.bu.edu/web/alistair-cooke/search-letters/detail?id=334448,http://www.bu.edu/dbin/archives/content/holdings/LFA2400/HTML 
p00ykttr,334458,2401,http://archives.bu.edu/web/alistair-cooke/search-letters/detail?id=334458,http://www.bu.edu/dbin/archives/content/holdings/LFA2401/HTML 
p00ykt9g,334470,2402,http://archives.bu.edu/web/alistair-cooke/search-letters/detail?id=334470,http://www.bu.edu/dbin/archives/content/holdings/LFA2402/HTML 
p00yktt5,334477,2403,http://archives.bu.edu/web/alistair-cooke/search-letters/detail?id=334477,http://www.bu.edu/dbin/archives/content/holdings/LFA2403/HTML 
p00yktsk,334493,2404,http://archives.bu.edu/web/alistair-cooke/search-letters/detail?id=334493,http://www.bu.edu/dbin/archives/content/holdings/LFA2404/HTML 
p00ykv58,334613,2405,http://archives.bu.edu/web/alistair-cooke/search-letters/detail?id=334613,http://www.bu.edu/dbin/archives/content/holdings/LFA2405/HTML 
p00yktry,334619,2406,http://archives.bu.edu/web/alistair-cooke/search-letters/detail?id=334619,http://www.bu.edu/dbin/archives/content/holdings/LFA2406/HTML 
p00yktrc,334623,2407,http://archives.bu.edu/web/alistair-cooke/search-letters/detail?id=334623,http://www.bu.edu/dbin/archives/content/holdings/LFA2407/HTML 
p00yktql,334626,2408,http://archives.bu.edu/web/alistair-cooke/search-letters/detail?id=334626,http://www.bu.edu/dbin/archives/content/holdings/LFA2408/HTML 
p00yktpr,334732,2409,http://archives.bu.edu/web/alistair-cooke/search-letters/detail?id=334732,http://www.bu.edu/dbin/archives/content/holdings/LFA2409/HTML 
p00yktnq,334736,2410,http://archives.bu.edu/web/alistair-cooke/search-letters/detail?id=334736,http://www.bu.edu/dbin/archives/content/holdings/LFA2410/HTML
p00yktn8,334743,2411,http://archives.bu.edu/web/alistair-cooke/search-letters/detail?id=334743,http://www.bu.edu/dbin/archives/content/holdings/LFA2411/HTML
p00ykt8v,334753,2412,http://archives.bu.edu/web/alistair-cooke/search-letters/detail?id=334753,http://www.bu.edu/dbin/archives/content/holdings/LFA2412/HTML
p00ykw7p,334763,2413,http://archives.bu.edu/web/alistair-cooke/search-letters/detail?id=334763,http://www.bu.edu/dbin/archives/content/holdings/LFA2413/HTML
p00ykwb0,334769,2414,http://archives.bu.edu/web/alistair-cooke/search-letters/detail?id=334769,http://www.bu.edu/dbin/archives/content/holdings/LFA2414/HTML
p00ykt88,334806,2415,http://archives.bu.edu/web/alistair-cooke/search-letters/detail?id=334806,http://www.bu.edu/dbin/archives/content/holdings/LFA2415/HTML
p00yktmg,334809,2416,http://archives.bu.edu/web/alistair-cooke/search-letters/detail?id=334809,http://www.bu.edu/dbin/archives/content/holdings/LFA2416/HTML
p00ykt7n,334812,2417,http://archives.bu.edu/web/alistair-cooke/search-letters/detail?id=334812,http://www.bu.edu/dbin/archives/content/holdings/LFA2417/HTML
p00yktlp,334818,2418,http://archives.bu.edu/web/alistair-cooke/search-letters/detail?id=334818,http://www.bu.edu/dbin/archives/content/holdings/LFA2418/HTML
p00yktl2,334848,2419,http://archives.bu.edu/web/alistair-cooke/search-letters/detail?id=334848,http://www.bu.edu/dbin/archives/content/holdings/LFA2419/HTML
p00ykx7s,334871,2420,http://archives.bu.edu/web/alistair-cooke/search-letters/detail?id=334871,http://www.bu.edu/dbin/archives/content/holdings/LFA2420/HTML
p00yktkw,334874,2421,http://archives.bu.edu/web/alistair-cooke/search-letters/detail?id=334874,http://www.bu.edu/dbin/archives/content/holdings/LFA2421/HTML
p00ykt7g,334882,2422,http://archives.bu.edu/web/alistair-cooke/search-letters/detail?id=334882,http://www.bu.edu/dbin/archives/content/holdings/LFA2422/HTML
p00yktkp,334891,2423,http://archives.bu.edu/web/alistair-cooke/search-letters/detail?id=334891,http://www.bu.edu/dbin/archives/content/holdings/LFA2423/HTML
p00yktkf,334894,2424,http://archives.bu.edu/web/alistair-cooke/search-letters/detail?id=334894,http://www.bu.edu/dbin/archives/content/holdings/LFA2424/HTML
p00yktk4,334948,2425,http://archives.bu.edu/web/alistair-cooke/search-letters/detail?id=334948,http://www.bu.edu/dbin/archives/content/holdings/LFA2425/HTML
p00ykt75,334953,2426,http://archives.bu.edu/web/alistair-cooke/search-letters/detail?id=334953,http://www.bu.edu/dbin/archives/content/holdings/LFA2426/HTML
p00yky9n,334968,2427,http://archives.bu.edu/web/alistair-cooke/search-letters/detail?id=334968,http://www.bu.edu/dbin/archives/content/holdings/LFA2427/HTML
p00yktjt,334972,2428,http://archives.bu.edu/web/alistair-cooke/search-letters/detail?id=334972,http://www.bu.edu/dbin/archives/content/holdings/LFA2428/HTML
p00yktjn,334973,2429,http://archives.bu.edu/web/alistair-cooke/search-letters/detail?id=334973,http://www.bu.edu/dbin/archives/content/holdings/LFA2429/HTML
p00yktjc,335023,2431,http://archives.bu.edu/web/alistair-cooke/search-letters/detail?id=335023,http://www.bu.edu/dbin/archives/content/holdings/LFA2431/HTML
p00ykyf7,335031,2432,http://archives.bu.edu/web/alistair-cooke/search-letters/detail?id=335031,http://www.bu.edu/dbin/archives/content/holdings/LFA2432/HTML
p00ykt6y,335036,2433,http://archives.bu.edu/web/alistair-cooke/search-letters/detail?id=335036,http://www.bu.edu/dbin/archives/content/holdings/LFA2433/HTML
p00yktj6,335041,2434,http://archives.bu.edu/web/alistair-cooke/search-letters/detail?id=335041,http://www.bu.edu/dbin/archives/content/holdings/LFA2434/HTML
p00yqgp4,368664,338,http://archives.bu.edu/web/alistair-cooke/search-letters/detail?id=368664,http://www.bu.edu/dbin/archives/content/holdings/LFA338/HTML
p00yqgsb,371344,500,http://archives.bu.edu/web/alistair-cooke/search-letters/detail?id=371344,http://www.bu.edu/dbin/archives/content/holdings/LFA500/HTML 
p00yqkgk,371360,1169,http://archives.bu.edu/web/alistair-cooke/search-letters/detail?id=371360,http://www.bu.edu/dbin/archives/content/holdings/LFA1169/HTML 
p00yqklc,371363,1179,http://archives.bu.edu/web/alistair-cooke/search-letters/detail?id=371363,http://www.bu.edu/dbin/archives/content/holdings/LFA1179/HTML 
p00yqkt5,371366,1198,http://archives.bu.edu/web/alistair-cooke/search-letters/detail?id=371366,http://www.bu.edu/dbin/archives/content/holdings/LFA1198/HTML 
p00yqkx0,371370,1239,http://archives.bu.edu/web/alistair-cooke/search-letters/detail?id=371370,http://www.bu.edu/dbin/archives/content/holdings/LFA1239/HTML 
p00yql91,371419,1250,http://archives.bu.edu/web/alistair-cooke/search-letters/detail?id=371419,http://www.bu.edu/dbin/archives/content/holdings/LFA1250/HTML 
p00yqlck,371422,1264,http://archives.bu.edu/web/alistair-cooke/search-letters/detail?id=371422,http://www.bu.edu/dbin/archives/content/holdings/LFA1264/HTML 
p00yqlgq,371425,1267,http://archives.bu.edu/web/alistair-cooke/search-letters/detail?id=371425,http://www.bu.edu/dbin/archives/content/holdings/LFA1267/HTML 
p00yqly0,371428,1280,http://archives.bu.edu/web/alistair-cooke/search-letters/detail?id=371428,http://www.bu.edu/dbin/archives/content/holdings/LFA1280/HTML 
p00yqm9h,371431,1289,http://archives.bu.edu/web/alistair-cooke/search-letters/detail?id=371431,http://www.bu.edu/dbin/archives/content/holdings/LFA1289/HTML 
p00yqms1,371442,1317,http://archives.bu.edu/web/alistair-cooke/search-letters/detail?id=371442,http://www.bu.edu/dbin/archives/content/holdings/LFA1317/HTML 
p00yqn04,371493,1321,http://archives.bu.edu/web/alistair-cooke/search-letters/detail?id=371493,http://www.bu.edu/dbin/archives/content/holdings/LFA1321/HTML 
p00yqnzc,371497,1340,http://archives.bu.edu/web/alistair-cooke/search-letters/detail?id=371497,http://www.bu.edu/dbin/archives/content/holdings/LFA1340/HTML 
p00yqpqm,371500,1370,http://archives.bu.edu/web/alistair-cooke/search-letters/detail?id=371500,http://www.bu.edu/dbin/archives/content/holdings/LFA1370/HTML 
p00yqprx,371529,1379,http://archives.bu.edu/web/alistair-cooke/search-letters/detail?id=371529,http://www.bu.edu/dbin/archives/content/holdings/LFA1379/HTML 
p00yqpyr,371758,1406,http://archives.bu.edu/web/alistair-cooke/search-letters/detail?id=371758,http://www.bu.edu/dbin/archives/content/holdings/LFA1406/HTML 
p00yqq4r,371761,1414,http://archives.bu.edu/web/alistair-cooke/search-letters/detail?id=371761,http://www.bu.edu/dbin/archives/content/holdings/LFA1414/HTML 
b0089kv4,371765,1506,http://archives.bu.edu/web/alistair-cooke/search-letters/detail?id=371765,http://www.bu.edu/dbin/archives/content/holdings/LFA1506/HTML 
p00yqr49,371768,1524,http://archives.bu.edu/web/alistair-cooke/search-letters/detail?id=371768,http://www.bu.edu/dbin/archives/content/holdings/LFA1524/HTML 
p00yqr90,371771,1584,http://archives.bu.edu/web/alistair-cooke/search-letters/detail?id=371771,http://www.bu.edu/dbin/archives/content/holdings/LFA1584/HTML 
p00yqjy8,566729,1011,http://archives.bu.edu/web/alistair-cooke/search-letters/detail?id=566729,http://www.bu.edu/dbin/archives/Cooke/LFA1011/HTML
p00yqhn1,566732,706,http://archives.bu.edu/web/alistair-cooke/search-letters/detail?id=566732,http://www.bu.edu/dbin/archives/Cooke/LFA706/HTML/
p00yqhr6,566735,794,http://archives.bu.edu/web/alistair-cooke/search-letters/detail?id=566735,http://www.bu.edu/dbin/archives/Cooke/LFA794/HTML/
b03z8qk1,566742,1360,http://archives.bu.edu/web/alistair-cooke/search-letters/detail?id=566742,http://www.bu.edu/dbin/archives/Cooke/LFA%201360/HTML/
b03z8qk5,566745,1362,http://archives.bu.edu/web/alistair-cooke/search-letters/detail?id=566745,http://www.bu.edu/dbin/archives/Cooke/LFA%201362/HTML/
b040bwfv,566748,1560,http://archives.bu.edu/web/alistair-cooke/search-letters/detail?id=566748,http://www.bu.edu/dbin/archives/Cooke/LFA%201560/HTML/
b040bwfx,566751,1561,http://archives.bu.edu/web/alistair-cooke/search-letters/detail?id=566751,http://www.bu.edu/dbin/archives/Cooke/LFA1561/HTML/
b040bwfz,566755,1562,http://archives.bu.edu/web/alistair-cooke/search-letters/detail?id=566755,http://www.bu.edu/dbin/archives/Cooke/LFA1562/HTML/#
b040bwg1,566758,1563,http://archives.bu.edu/web/alistair-cooke/search-letters/detail?id=566758,http://www.bu.edu/dbin/archives/Cooke/LFA1563/HTML/#
b040bx2y,566761,1565,http://archives.bu.edu/web/alistair-cooke/search-letters/detail?id=566761,http://www.bu.edu/dbin/archives/Cooke/LFA1565/HTML/#
b040bx30,566764,1566,http://archives.bu.edu/web/alistair-cooke/search-letters/detail?id=566764,http://www.bu.edu/dbin/archives/Cooke/LFA1566/HTML/
b040bx32,566767,1567,http://archives.bu.edu/web/alistair-cooke/search-letters/detail?id=566767,http://www.bu.edu/dbin/archives/Cooke/LFA1567/HTML/
b040bxlg,566770,1568,http://archives.bu.edu/web/alistair-cooke/search-letters/detail?id=566770,http://www.bu.edu/dbin/archives/Cooke/LFA1568/HTML/
b040bxlj,566773,1569,http://archives.bu.edu/web/alistair-cooke/search-letters/detail?id=566773,http://www.bu.edu/dbin/archives/Cooke/LFA1569/HTML/#2
b040bxll,566777,1570,http://archives.bu.edu/web/alistair-cooke/search-letters/detail?id=566777,http://www.bu.edu/dbin/archives/Cooke/LFA1570/HTML/
b040bxnp,566780,1574,http://archives.bu.edu/web/alistair-cooke/search-letters/detail?id=566780,http://www.bu.edu/dbin/archives/Cooke/LFA1574/HTML/#
b040bxnr,566784,1575,http://archives.bu.edu/web/alistair-cooke/search-letters/detail?id=566784,http://www.bu.edu/dbin/archives/Cooke/LFA1575/HTML/
b040bxnt,566787,1576,http://archives.bu.edu/web/alistair-cooke/search-letters/detail?id=566787,http://www.bu.edu/dbin/archives/Cooke/LFA1576/HTML/
b040bxnw,566790,1577,http://archives.bu.edu/web/alistair-cooke/search-letters/detail?id=566790,http://www.bu.edu/dbin/archives/Cooke/LFA1577/HTML/
b040bxq2,566793,1578,http://archives.bu.edu/web/alistair-cooke/search-letters/detail?id=566793,http://www.bu.edu/dbin/archives/Cooke/LFA1578/HTML/#
b040bxq4,566796,1579,http://archives.bu.edu/web/alistair-cooke/search-letters/detail?id=566796,http://www.bu.edu/dbin/archives/Cooke/LFA1579/HTML/
b040bxq6,566799,1580,http://archives.bu.edu/web/alistair-cooke/search-letters/detail?id=566799,http://www.bu.edu/dbin/archives/Cooke/LFA1580/HTML/#
b040bxxf,566802,1581,http://archives.bu.edu/web/alistair-cooke/search-letters/detail?id=566802,http://www.bu.edu/dbin/archives/Cooke/LFA1581/HTML/#
b040by86,566805,1582,http://archives.bu.edu/web/alistair-cooke/search-letters/detail?id=566805,http://www.bu.edu/dbin/archives/Cooke/LFA1582/HTML/
b040by88,566809,1583,http://archives.bu.edu/web/alistair-cooke/search-letters/detail?id=566809,http://www.bu.edu/dbin/archives/Cooke/LFA1583/HTML/#
b040byds,566812,1586,http://archives.bu.edu/web/alistair-cooke/search-letters/detail?id=566812,http://www.bu.edu/dbin/archives/Cooke/LFA1586/HTML/
b040bydv,566815,1587,http://archives.bu.edu/web/alistair-cooke/search-letters/detail?id=566815,http://www.bu.edu/dbin/archives/Cooke/LFA1587/HTML/
b040bydx,566819,1588,http://archives.bu.edu/web/alistair-cooke/search-letters/detail?id=566819,http://www.bu.edu/dbin/archives/Cooke/LFA1588/HTML/
b040bydz,566824,1589,http://archives.bu.edu/web/alistair-cooke/search-letters/detail?id=566824,http://www.bu.edu/dbin/archives/Cooke/LFA1589/HTML/#
b040byhl,566831,1590,http://archives.bu.edu/web/alistair-cooke/search-letters/detail?id=566831,http://www.bu.edu/dbin/archives/Cooke/LFA1590/HTML/#
b040byhn,566834,1591,http://archives.bu.edu/web/alistair-cooke/search-letters/detail?id=566834,http://www.bu.edu/dbin/archives/Cooke/LFA1591/HTML/
b040byhs,566837,1593,http://archives.bu.edu/web/alistair-cooke/search-letters/detail?id=566837,http://www.bu.edu/dbin/archives/Cooke/LFA1593/HTML/
b040byhv,566840,1594,http://archives.bu.edu/web/alistair-cooke/search-letters/detail?id=566840,http://www.bu.edu/dbin/archives/Cooke/LFA1594/HTML/
b040h3r0,566843,1595,http://archives.bu.edu/web/alistair-cooke/search-letters/detail?id=566843,http://www.bu.edu/dbin/archives/Cooke/LFA1595/HTML/
b040h3r2,566844,1596,http://archives.bu.edu/web/alistair-cooke/search-letters/detail?id=566844,http://www.bu.edu/dbin/archives/Cooke/LFA1596/HTML/
b040h3r4,566847,1598,http://archives.bu.edu/web/alistair-cooke/search-letters/detail?id=566847,http://www.bu.edu/dbin/archives/Cooke/LFA1598/HTML/
b040h3rv,566850,1600,http://archives.bu.edu/web/alistair-cooke/search-letters/detail?id=566850,http://www.bu.edu/dbin/archives/Cooke/LFA1600/HTML/
b040h3rx,566853,1602,http://archives.bu.edu/web/alistair-cooke/search-letters/detail?id=566853,http://www.bu.edu/dbin/archives/Cooke/LFA1602/HTML/
b040h3xj,566857,1603,http://archives.bu.edu/web/alistair-cooke/search-letters/detail?id=566857,http://www.bu.edu/dbin/archives/Cooke/LFA1603/HTML/
b040h3xl,566860,1604,http://archives.bu.edu/web/alistair-cooke/search-letters/detail?id=566860,http://www.bu.edu/dbin/archives/Cooke/LFA1604/HTML/
b040h3xn,566863,1605,http://archives.bu.edu/web/alistair-cooke/search-letters/detail?id=566863,http://www.bu.edu/dbin/archives/Cooke/LFA1605/HTML/
b040h3xq,566866,1606,http://archives.bu.edu/web/alistair-cooke/search-letters/detail?id=566866,http://www.bu.edu/dbin/archives/Cooke/LFA1606/HTML/
b040h3xs,566870,1607,http://archives.bu.edu/web/alistair-cooke/search-letters/detail?id=566870,http://www.bu.edu/dbin/archives/Cooke/LFA1607/HTML/#4
b040h40h,566874,1608,http://archives.bu.edu/web/alistair-cooke/search-letters/detail?id=566874,http://www.bu.edu/dbin/archives/Cooke/LFA1608/HTML/
b040h40k,566877,1609,http://archives.bu.edu/web/alistair-cooke/search-letters/detail?id=566877,http://www.bu.edu/dbin/archives/Cooke/LFA1609/HTML/
b040h40m,566880,1610,http://archives.bu.edu/web/alistair-cooke/search-letters/detail?id=566880,http://www.bu.edu/dbin/archives/Cooke/LFA1610/HTML/
b040h40p,566883,1611,http://archives.bu.edu/web/alistair-cooke/search-letters/detail?id=566883,http://www.bu.edu/dbin/archives/Cooke/LFA1611/HTML/
b043w4kj,566886,1645,http://archives.bu.edu/web/alistair-cooke/search-letters/detail?id=566886,http://www.bu.edu/dbin/archives/Cooke/LFA1645/HTML/
b043w4kl,566890,1646,http://archives.bu.edu/web/alistair-cooke/search-letters/detail?id=566890,http://www.bu.edu/dbin/archives/Cooke/LFA1646/HTML/#
b043w4q8,566893,1648,http://archives.bu.edu/web/alistair-cooke/search-letters/detail?id=566893,http://www.bu.edu/dbin/archives/Cooke/LFA1648/HTML/
b043w4tz,566898,1650,http://archives.bu.edu/web/alistair-cooke/search-letters/detail?id=566898,http://www.bu.edu/dbin/archives/Cooke/LFA1650/HTML/#
b043w4v1,566901,1651,http://archives.bu.edu/web/alistair-cooke/search-letters/detail?id=566901,http://www.bu.edu/dbin/archives/Cooke/LFA1651/HTML/
b043w54f,566904,1652,http://archives.bu.edu/web/alistair-cooke/search-letters/detail?id=566904,http://www.bu.edu/dbin/archives/Cooke/LFA1652/HTML/
b043w54h,566907,1653,http://archives.bu.edu/web/alistair-cooke/search-letters/detail?id=566907,http://www.bu.edu/dbin/archives/Cooke/LFA1653/HTML/
b043w54r,566910,1657,http://archives.bu.edu/web/alistair-cooke/search-letters/detail?id=566910,http://www.bu.edu/dbin/archives/Cooke/LFA1657/HTML/
b043w54t,566913,1658,http://archives.bu.edu/web/alistair-cooke/search-letters/detail?id=566913,http://www.bu.edu/dbin/archives/Cooke/LFA1658/HTML/#
b043w54w,566916,1659,http://archives.bu.edu/web/alistair-cooke/search-letters/detail?id=566916,http://www.bu.edu/dbin/archives/Cooke/LFA1659/HTML/
b043w5mn,566919,1660,http://archives.bu.edu/web/alistair-cooke/search-letters/detail?id=566919,http://www.bu.edu/dbin/archives/Cooke/LFA1660/HTML/
p00ydlgg,566923,1661,http://archives.bu.edu/web/alistair-cooke/search-letters/detail?id=566923,http://www.bu.edu/dbin/archives/Cooke/LFA1661/HTML/
b043w5ms,566926,1662,http://archives.bu.edu/web/alistair-cooke/search-letters/detail?id=566926,http://www.bu.edu/dbin/archives/Cooke/LFA1662/HTML/#
b043w5mv,566930,1663,http://archives.bu.edu/web/alistair-cooke/search-letters/detail?id=566930,http://www.bu.edu/dbin/archives/Cooke/LFA1663/HTML/
b043w5mx,566933,1664,http://archives.bu.edu/web/alistair-cooke/search-letters/detail?id=566933,http://www.bu.edu/dbin/archives/Cooke/LFA1664/HTML/
b043w5sq,566936,1665,http://archives.bu.edu/web/alistair-cooke/search-letters/detail?id=566936,http://www.bu.edu/dbin/archives/Cooke/LFA1665/HTML/
b043w5ss,566939,1666,http://archives.bu.edu/web/alistair-cooke/search-letters/detail?id=566939,http://www.bu.edu/dbin/archives/Cooke/LFA1666/HTML/
b043w6jk,566942,1668,http://archives.bu.edu/web/alistair-cooke/search-letters/detail?id=566942,http://www.bu.edu/dbin/archives/Cooke/LFA1668/HTML/
b043w6jp,566949,1669,http://archives.bu.edu/web/alistair-cooke/search-letters/detail?id=566949,http://www.bu.edu/dbin/archives/Cooke/LFA1669/HTML/
b043w7w0,566952,1671,http://archives.bu.edu/web/alistair-cooke/search-letters/detail?id=566952,http://www.bu.edu/dbin/archives/Cooke/LFA1671/HTML/
b043w7w2,566955,1672,http://archives.bu.edu/web/alistair-cooke/search-letters/detail?id=566955,http://www.bu.edu/dbin/archives/Cooke/LFA1672/HTML/
b043w82d,566958,1673,http://archives.bu.edu/web/alistair-cooke/search-letters/detail?id=566958,http://www.bu.edu/dbin/archives/Cooke/LFA1673/HTML/
b043w96x,566961,1676,http://archives.bu.edu/web/alistair-cooke/search-letters/detail?id=566961,http://www.bu.edu/dbin/archives/Cooke/LFA1676/HTML/
b043w9jt,566964,1678,http://archives.bu.edu/web/alistair-cooke/search-letters/detail?id=566964,http://www.bu.edu/dbin/archives/Cooke/LFA1678/HTML/
b043w9jw,566967,1679,http://archives.bu.edu/web/alistair-cooke/search-letters/detail?id=566967,http://www.bu.edu/dbin/archives/Cooke/LFA1679/HTML/
b043w9jy,566971,1680,http://archives.bu.edu/web/alistair-cooke/search-letters/detail?id=566971,http://www.bu.edu/dbin/archives/Cooke/LFA1680/HTML/
b043w9ms,566974,1681,http://archives.bu.edu/web/alistair-cooke/search-letters/detail?id=566974,http://www.bu.edu/dbin/archives/Cooke/LFA1681/HTML/
b043wb1f,566977,1682,http://archives.bu.edu/web/alistair-cooke/search-letters/detail?id=566977,http://www.bu.edu/dbin/archives/Cooke/LFA1682/HTML/
b043wb1k,566980,1684,http://archives.bu.edu/web/alistair-cooke/search-letters/detail?id=566980,http://www.bu.edu/dbin/archives/Cooke/LFA1684/HTML/
b043wb1m,566984,1685,http://archives.bu.edu/web/alistair-cooke/search-letters/detail?id=566984,http://www.bu.edu/dbin/archives/Cooke/LFA1685/HTML/
b043wb1p,566987,1686,http://archives.bu.edu/web/alistair-cooke/search-letters/detail?id=566987,http://www.bu.edu/dbin/archives/Cooke/LFA1686/HTML/
b043wb1r,566991,1687,http://archives.bu.edu/web/alistair-cooke/search-letters/detail?id=566991,http://www.bu.edu/dbin/archives/Cooke/LFA1687/HTML/
b043wd7r,566997,1690,http://archives.bu.edu/web/alistair-cooke/search-letters/detail?id=566997,http://www.bu.edu/dbin/archives/Cooke/LFA1690/HTML/
b043wgjd,567000,1692,http://archives.bu.edu/web/alistair-cooke/search-letters/detail?id=567000,http://www.bu.edu/dbin/archives/Cooke/LFA1692/HTML/
b043wgjg,567003,1693,http://archives.bu.edu/web/alistair-cooke/search-letters/detail?id=567003,http://www.bu.edu/dbin/archives/Cooke/LFA1693/HTML/
b043wgjj,567006,1694,http://archives.bu.edu/web/alistair-cooke/search-letters/detail?id=567006,http://www.bu.edu/dbin/archives/Cooke/LFA1694/HTML/
p00ydlqq,567009,1695,http://archives.bu.edu/web/alistair-cooke/search-letters/detail?id=567009,http://www.bu.edu/dbin/archives/Cooke/LFA1695/HTML/
b043whtv,567012,1696,http://archives.bu.edu/web/alistair-cooke/search-letters/detail?id=567012,http://www.bu.edu/dbin/archives/Cooke/LFA1696/HTML/
b043whtx,567015,1697,http://archives.bu.edu/web/alistair-cooke/search-letters/detail?id=567015,http://www.bu.edu/dbin/archives/Cooke/LFA1697/HTML/
b043whtz,567018,1698,http://archives.bu.edu/web/alistair-cooke/search-letters/detail?id=567018,http://www.bu.edu/dbin/archives/Cooke/LFA1698/HTML/
b043wjkb,567021,1700,http://archives.bu.edu/web/alistair-cooke/search-letters/detail?id=567021,http://www.bu.edu/dbin/archives/Cooke/LFA1700/HTML/
b043wjkb,567024,1701,http://archives.bu.edu/web/alistair-cooke/search-letters/detail?id=567024,http://www.bu.edu/dbin/archives/Cooke/LFA1701/HTML/
b043wjkb,567026,1702,http://archives.bu.edu/web/alistair-cooke/search-letters/detail?id=567026,http://www.bu.edu/dbin/archives/Cooke/LFA1702/HTML/#
b043wjkj,567028,1703,http://archives.bu.edu/web/alistair-cooke/search-letters/detail?id=567028,http://www.bu.edu/dbin/archives/Cooke/LFA1703/HTML/
b043wmdp,567031,1707,http://archives.bu.edu/web/alistair-cooke/search-letters/detail?id=567031,http://www.bu.edu/dbin/archives/Cooke/LFA1707/HTML/
b043wmdr,567034,1708,http://archives.bu.edu/web/alistair-cooke/search-letters/detail?id=567034,http://www.bu.edu/dbin/archives/Cooke/LFA1708/HTML/
b043wnjv,567037,1710,http://archives.bu.edu/web/alistair-cooke/search-letters/detail?id=567037,http://www.bu.edu/dbin/archives/Cooke/LFA1710/HTML/
b043wpxz,567040,1711,http://archives.bu.edu/web/alistair-cooke/search-letters/detail?id=567040,http://www.bu.edu/dbin/archives/Cooke/LFA1711/HTML/
b043wq0t,567043,1712,http://archives.bu.edu/web/alistair-cooke/search-letters/detail?id=567043,http://www.bu.edu/dbin/archives/Cooke/LFA1712/HTML/
b043wt32,567046,1714,http://archives.bu.edu/web/alistair-cooke/search-letters/detail?id=567046,http://www.bu.edu/dbin/archives/Cooke/LFA1714/HTML/
b043wt34,567051,1715,http://archives.bu.edu/web/alistair-cooke/search-letters/detail?id=567051,http://www.bu.edu/dbin/archives/Cooke/LFA1715/HTML/
b043wtlb,567054,1718,http://archives.bu.edu/web/alistair-cooke/search-letters/detail?id=567054,http://www.bu.edu/dbin/archives/Cooke/LFA1718/HTML/
b043wtsj,567057,1721,http://archives.bu.edu/web/alistair-cooke/search-letters/detail?id=567057,http://www.bu.edu/dbin/archives/Cooke/LFA1721/HTML/
b043wtsn,567060,1723,http://archives.bu.edu/web/alistair-cooke/search-letters/detail?id=567060,http://www.bu.edu/dbin/archives/Cooke/LFA1723/HTML/
b043wtsq,567063,1724,http://archives.bu.edu/web/alistair-cooke/search-letters/detail?id=567063,http://www.bu.edu/dbin/archives/Cooke/LFA1724/HTML/
b043wv6l,567067,1726,http://archives.bu.edu/web/alistair-cooke/search-letters/detail?id=567067,http://www.bu.edu/dbin/archives/Cooke/LFA1726/HTML/
b043wv6q,567070,1728,http://archives.bu.edu/web/alistair-cooke/search-letters/detail?id=567070,http://www.bu.edu/dbin/archives/Cooke/LFA1728/HTML/
b043wv6s,567073,1729,http://archives.bu.edu/web/alistair-cooke/search-letters/detail?id=567073,http://www.bu.edu/dbin/archives/Cooke/LFA1729/HTML/
b043wvcw,567076,1731,http://archives.bu.edu/web/alistair-cooke/search-letters/detail?id=567076,http://www.bu.edu/dbin/archives/Cooke/LFA1731/HTML/
b043wvcy,567079,1732,http://archives.bu.edu/web/alistair-cooke/search-letters/detail?id=567079,http://www.bu.edu/dbin/archives/Cooke/LFA1732/HTML/
b043wvd0,567084,1733,http://archives.bu.edu/web/alistair-cooke/search-letters/detail?id=567084,http://www.bu.edu/dbin/archives/Cooke/LFA1733/HTML/
b043wvmm,567087,1734,http://archives.bu.edu/web/alistair-cooke/search-letters/detail?id=567087,http://www.bu.edu/dbin/archives/Cooke/LFA1734/HTML/
b043wvmr,567090,1736,http://archives.bu.edu/web/alistair-cooke/search-letters/detail?id=567090,http://www.bu.edu/dbin/archives/Cooke/LFA1736/HTML/
b043wvmt,567093,1737,http://archives.bu.edu/web/alistair-cooke/search-letters/detail?id=567093,http://www.bu.edu/dbin/archives/Cooke/LFA1737/HTML/
b043wvmw,567096,1738,http://archives.bu.edu/web/alistair-cooke/search-letters/detail?id=567096,http://www.bu.edu/dbin/archives/Cooke/LFA1738/HTML/
b043wvst,567099,1740,http://archives.bu.edu/web/alistair-cooke/search-letters/detail?id=567099,http://www.bu.edu/dbin/archives/Cooke/LFA1740/HTML/
b043wvsy,567102,1742,http://archives.bu.edu/web/alistair-cooke/search-letters/detail?id=567102,http://www.bu.edu/dbin/archives/Cooke/LFA1742/HTML/
b043wvw7,567105,1745,http://archives.bu.edu/web/alistair-cooke/search-letters/detail?id=567105,http://www.bu.edu/dbin/archives/Cooke/LFA1745/HTML/
b043ww1d,567109,1748,http://archives.bu.edu/web/alistair-cooke/search-letters/detail?id=567109,http://www.bu.edu/dbin/archives/Cooke/LFA1748/HTML/
b043ww1g,567112,1750,http://archives.bu.edu/web/alistair-cooke/search-letters/detail?id=567112,http://www.bu.edu/dbin/archives/Cooke/LFA1750/HTML/
b043ww1j,567115,1751,http://archives.bu.edu/web/alistair-cooke/search-letters/detail?id=567115,http://www.bu.edu/dbin/archives/Cooke/LFA1751/HTML/#
b043wwvj,567118,1752,http://archives.bu.edu/web/alistair-cooke/search-letters/detail?id=567118,http://www.bu.edu/dbin/archives/Cooke/LFA1752/HTML/
b043wwvn,567121,1754,http://archives.bu.edu/web/alistair-cooke/search-letters/detail?id=567121,http://www.bu.edu/dbin/archives/Cooke/LFA1754/HTML/
b043wwvq,567124,1755,http://archives.bu.edu/web/alistair-cooke/search-letters/detail?id=567124,http://www.bu.edu/dbin/archives/Cooke/LFA1755/HTML/
b043wwvx,567127,1758,http://archives.bu.edu/web/alistair-cooke/search-letters/detail?id=567127,http://www.bu.edu/dbin/archives/Cooke/LFA1758/HTML/
b043wwvz,567130,1759,http://archives.bu.edu/web/alistair-cooke/search-letters/detail?id=567130,http://www.bu.edu/dbin/archives/Cooke/LFA1759/HTML/
b043www1,567133,1760,http://archives.bu.edu/web/alistair-cooke/search-letters/detail?id=567133,http://www.bu.edu/dbin/archives/Cooke/LFA1760/HTML/
b043www3,567136,1761,http://archives.bu.edu/web/alistair-cooke/search-letters/detail?id=567136,http://www.bu.edu/dbin/archives/Cooke/LFA1761/HTML/
b043www5,567139,1762,http://archives.bu.edu/web/alistair-cooke/search-letters/detail?id=567139,http://www.bu.edu/dbin/archives/Cooke/LFA1762/HTML/
b043www7,567142,1763,http://archives.bu.edu/web/alistair-cooke/search-letters/detail?id=567142,http://www.bu.edu/dbin/archives/Cooke/LFA1763/HTML/
b043wx01,567145,1764,http://archives.bu.edu/web/alistair-cooke/search-letters/detail?id=567145,http://www.bu.edu/dbin/archives/Cooke/LFA1764/HTML/
b043wx28,567148,1765,http://archives.bu.edu/web/alistair-cooke/search-letters/detail?id=567148,http://www.bu.edu/dbin/archives/Cooke/LFA1765/HTML/
b043wx2d,567151,1767,http://archives.bu.edu/web/alistair-cooke/search-letters/detail?id=567151,http://www.bu.edu/dbin/archives/Cooke/LFA1767/HTML/
b043wx37,567154,1768,http://archives.bu.edu/web/alistair-cooke/search-letters/detail?id=567154,http://www.bu.edu/dbin/archives/Cooke/LFA1768/HTML/
b043wx7t,567157,1769,http://archives.bu.edu/web/alistair-cooke/search-letters/detail?id=567157,http://www.bu.edu/dbin/archives/Cooke/LFA1769/HTML/
b043wx7w,567160,1770,http://archives.bu.edu/web/alistair-cooke/search-letters/detail?id=567160,http://www.bu.edu/dbin/archives/Cooke/LFA1770/HTML/
b043wx7y,567164,1771,http://archives.bu.edu/web/alistair-cooke/search-letters/detail?id=567164,http://www.bu.edu/dbin/archives/Cooke/LFA1771/HTML/
b043wx80,567167,1772,http://archives.bu.edu/web/alistair-cooke/search-letters/detail?id=567167,http://www.bu.edu/dbin/archives/Cooke/LFA1772/HTML/
b043wy8n,567192,1775,http://archives.bu.edu/web/alistair-cooke/search-letters/detail?id=567192,http://www.bu.edu/dbin/archives/Cooke/LFA1775/HTML/
b043wyjb,567196,1776,http://archives.bu.edu/web/alistair-cooke/search-letters/detail?id=567196,http://www.bu.edu/dbin/archives/Cooke/LFA1776/HTML/
p00ydmq5,567199,1777,http://archives.bu.edu/web/alistair-cooke/search-letters/detail?id=567199,http://www.bu.edu/dbin/archives/Cooke/LFA1777/HTML/#
b043wzvd,567203,1780,http://archives.bu.edu/web/alistair-cooke/search-letters/detail?id=567203,http://www.bu.edu/dbin/archives/Cooke/LFA1780/HTML/#
b043wzvg,567206,1781,http://archives.bu.edu/web/alistair-cooke/search-letters/detail?id=567206,http://www.bu.edu/dbin/archives/Cooke/LFA1781/HTML/
b043wzvj,567209,1782,http://archives.bu.edu/web/alistair-cooke/search-letters/detail?id=567209,http://www.bu.edu/dbin/archives/Cooke/LFA1782/HTML/
b043wzvl,567212,1783,http://archives.bu.edu/web/alistair-cooke/search-letters/detail?id=567212,http://www.bu.edu/dbin/archives/Cooke/LFA1783/HTML/
b043wzvq,567215,1788,http://archives.bu.edu/web/alistair-cooke/search-letters/detail?id=567215,http://www.bu.edu/dbin/archives/Cooke/LFA1788/HTML/
b043wzvs,567218,1789,http://archives.bu.edu/web/alistair-cooke/search-letters/detail?id=567218,http://www.bu.edu/dbin/archives/Cooke/LFA%201789/HTML/
b043x04x,567221,1790,http://archives.bu.edu/web/alistair-cooke/search-letters/detail?id=567221,http://www.bu.edu/dbin/archives/Cooke/LFA%201790/HTML/
b043x04z,567224,1785,http://archives.bu.edu/web/alistair-cooke/search-letters/detail?id=567224,http://www.bu.edu/dbin/archives/Cooke/LFA%201785/HTML/
b043x051,567227,1786,http://archives.bu.edu/web/alistair-cooke/search-letters/detail?id=567227,http://www.bu.edu/dbin/archives/Cooke/LFA%201786/HTML/
b043x053,567230,1787,http://archives.bu.edu/web/alistair-cooke/search-letters/detail?id=567230,http://www.bu.edu/dbin/archives/Cooke/LFA%201787/HTML/
p00ydmnl,567233,1791,http://archives.bu.edu/web/alistair-cooke/search-letters/detail?id=567233,http://www.bu.edu/dbin/archives/Cooke/LFA%201791/HTML/
b043x8nw,567236,1792,http://archives.bu.edu/web/alistair-cooke/search-letters/detail?id=567236,http://www.bu.edu/dbin/archives/Cooke/LFA%201792/HTML/
b043x8ny,567239,1793,http://archives.bu.edu/web/alistair-cooke/search-letters/detail?id=567239,http://www.bu.edu/dbin/archives/Cooke/LFA%201793/HTML/
b043x8p0,567242,1794,http://archives.bu.edu/web/alistair-cooke/search-letters/detail?id=567242,http://www.bu.edu/dbin/archives/Cooke/LFA%201794/HTML/
b043x8p2,567245,1795,http://archives.bu.edu/web/alistair-cooke/search-letters/detail?id=567245,http://www.bu.edu/dbin/archives/Cooke/LFA%201795/HTML/
b043x8p4,567248,1796,http://archives.bu.edu/web/alistair-cooke/search-letters/detail?id=567248,http://www.bu.edu/dbin/archives/Cooke/LFA%201796/HTML/
p00ydmn9,567251,1797,http://archives.bu.edu/web/alistair-cooke/search-letters/detail?id=567251,http://www.bu.edu/dbin/archives/Cooke/LFA%201797/HTML/
b043x8v1,567257,1799,http://archives.bu.edu/web/alistair-cooke/search-letters/detail?id=567257,http://www.bu.edu/dbin/archives/Cooke/LFA%201799/HTML/
p00ydmmy,567261,1800,http://archives.bu.edu/web/alistair-cooke/search-letters/detail?id=567261,http://www.bu.edu/dbin/archives/Cooke/LFA1800/HTML/
b043x8v5,567264,1801,http://archives.bu.edu/web/alistair-cooke/search-letters/detail?id=567264,http://www.bu.edu/dbin/archives/Cooke/LFA%201801/HTML/
b043x8v7,567267,1802,http://archives.bu.edu/web/alistair-cooke/search-letters/detail?id=567267,http://www.bu.edu/dbin/archives/Cooke/LFA%201802/HTML/
b043x9zv,567270,1803,http://archives.bu.edu/web/alistair-cooke/search-letters/detail?id=567270,http://www.bu.edu/dbin/archives/Cooke/LFA%201803/HTML/
p00ydmmt,567273,1804,http://archives.bu.edu/web/alistair-cooke/search-letters/detail?id=567273,http://www.bu.edu/dbin/archives/Cooke/LFA%201804/HTML/
b043x9zz,567277,1805,http://archives.bu.edu/web/alistair-cooke/search-letters/detail?id=567277,http://www.bu.edu/dbin/archives/Cooke/LFA%201805/HTML/
b043xb01,567280,1806,http://archives.bu.edu/web/alistair-cooke/search-letters/detail?id=567280,http://www.bu.edu/dbin/archives/Cooke/LFA%201806/HTML/
b043xb03,567283,1807,http://archives.bu.edu/web/alistair-cooke/search-letters/detail?id=567283,http://www.bu.edu/dbin/archives/Cooke/LFA%201807/HTML/
p00ydmmp,567286,1808,http://archives.bu.edu/web/alistair-cooke/search-letters/detail?id=567286,http://www.bu.edu/dbin/archives/Cooke/LFA%201808/HTML/
b043xb07,567289,1809,http://archives.bu.edu/web/alistair-cooke/search-letters/detail?id=567289,http://www.bu.edu/dbin/archives/Cooke/LFA%201809/HTML/
b043xb2f,567294,1811,http://archives.bu.edu/web/alistair-cooke/search-letters/detail?id=567294,http://www.bu.edu/dbin/archives/Cooke/LFA%201811/HTML/
b043xbns,567297,1812,http://archives.bu.edu/web/alistair-cooke/search-letters/detail?id=567297,http://www.bu.edu/dbin/archives/Cooke/LFA%201812/HTML/
p00ydmmc,567300,1813,http://archives.bu.edu/web/alistair-cooke/search-letters/detail?id=567300,http://www.bu.edu/dbin/archives/Cooke/LFA%201813/HTML/
b043xbrj,567303,1814,http://archives.bu.edu/web/alistair-cooke/search-letters/detail?id=567303,http://www.bu.edu/dbin/archives/Cooke/LFA%201814/HTML/
p00ydmm7,567306,1815,http://archives.bu.edu/web/alistair-cooke/search-letters/detail?id=567306,http://www.bu.edu/dbin/archives/Cooke/LFA%201815/HTML/
b043xbrn,567309,1816,http://archives.bu.edu/web/alistair-cooke/search-letters/detail?id=567309,http://www.bu.edu/dbin/archives/Cooke/LFA%201816/HTML/
b043xbxt,567312,1818,http://archives.bu.edu/web/alistair-cooke/search-letters/detail?id=567312,http://www.bu.edu/dbin/archives/Cooke/LFA%201818/HTML/
p00ydmm2,567315,1819,http://archives.bu.edu/web/alistair-cooke/search-letters/detail?id=567315,http://www.bu.edu/dbin/archives/Cooke/LFA%201819/HTML/
p00ydndy,567318,1820,http://archives.bu.edu/web/alistair-cooke/search-letters/detail?id=567318,http://www.bu.edu/dbin/archives/Cooke/LFA%201820/HTML/
b043xc03,567321,1821,http://archives.bu.edu/web/alistair-cooke/search-letters/detail?id=567321,http://www.bu.edu/dbin/archives/Cooke/LFA%201821/HTML/
b043xc05,567324,1822,http://archives.bu.edu/web/alistair-cooke/search-letters/detail?id=567324,http://www.bu.edu/dbin/archives/Cooke/LFA%201822/HTML/
b043xc3w,567327,1823,http://archives.bu.edu/web/alistair-cooke/search-letters/detail?id=567327,http://www.bu.edu/dbin/archives/Cooke/LFA%201823/HTML/
b043xcbn,567330,1824,http://archives.bu.edu/web/alistair-cooke/search-letters/detail?id=567330,http://www.bu.edu/dbin/archives/Cooke/LFA%201824/HTML/
b043xcbq,567333,1825,http://archives.bu.edu/web/alistair-cooke/search-letters/detail?id=567333,http://www.bu.edu/dbin/archives/Cooke/LFA%201825/HTML/
b043xcbv,567336,1827,http://archives.bu.edu/web/alistair-cooke/search-letters/detail?id=567336,http://www.bu.edu/dbin/archives/Cooke/LFA%201827/HTML/
p00ydn94,567339,1828,http://archives.bu.edu/web/alistair-cooke/search-letters/detail?id=567339,http://www.bu.edu/dbin/archives/Cooke/LFA%201828/HTML/
b043xcbz,567342,1829,http://archives.bu.edu/web/alistair-cooke/search-letters/detail?id=567342,http://www.bu.edu/dbin/archives/Cooke/LFA%201829/HTML/
b043xcfk,567359,1830,http://archives.bu.edu/web/alistair-cooke/search-letters/detail?id=567359,http://www.bu.edu/dbin/archives/Cooke/LFA%201830/HTML/
b043xcfm,567362,1831,http://archives.bu.edu/web/alistair-cooke/search-letters/detail?id=567362,http://www.bu.edu/dbin/archives/Cooke/LFA%201831/HTML/
b043xcnd,567365,1832,http://archives.bu.edu/web/alistair-cooke/search-letters/detail?id=567365,http://www.bu.edu/dbin/archives/Cooke/LFA%201832/HTML/
p00ydn8k,567368,1833,http://archives.bu.edu/web/alistair-cooke/search-letters/detail?id=567368,http://www.bu.edu/dbin/archives/Cooke/LFA%201833/HTML/
b043xcnj,567378,1834,http://archives.bu.edu/web/alistair-cooke/search-letters/detail?id=567378,http://www.bu.edu/dbin/archives/Cooke/LFA%201834/HTML/
b043xcw3,567383,1835,http://archives.bu.edu/web/alistair-cooke/search-letters/detail?id=567383,http://www.bu.edu/dbin/archives/Cooke/LFA%201835/HTML/
b043xcw5,567388,1836,http://archives.bu.edu/web/alistair-cooke/search-letters/detail?id=567388,http://www.bu.edu/dbin/archives/Cooke/LFA%201836/HTML/
b043xd4j,567392,1841,http://archives.bu.edu/web/alistair-cooke/search-letters/detail?id=567392,http://www.bu.edu/dbin/archives/Cooke/LFA%201841/HTML/
b043xdc9,567397,1842,http://archives.bu.edu/web/alistair-cooke/search-letters/detail?id=567397,http://www.bu.edu/dbin/archives/Cooke/LFA%201842/HTML/
b043xdcc,567426,1843,http://archives.bu.edu/web/alistair-cooke/search-letters/detail?id=567426,http://www.bu.edu/dbin/archives/Cooke/LFA%201843/HTML/
b043xdcf,567429,1844,http://archives.bu.edu/web/alistair-cooke/search-letters/detail?id=567429,http://www.bu.edu/dbin/archives/Cooke/LFA1844/HTML/
b043xdch,567432,1845,http://archives.bu.edu/web/alistair-cooke/search-letters/detail?id=567432,http://www.bu.edu/dbin/archives/Cooke/LFA1845/HTML/
p00ydn7y,567435,1846,http://archives.bu.edu/web/alistair-cooke/search-letters/detail?id=567435,http://www.bu.edu/dbin/archives/Cooke/LFA1846/HTML/
b043xdh3,567438,1847,http://archives.bu.edu/web/alistair-cooke/search-letters/detail?id=567438,http://www.bu.edu/dbin/archives/Cooke/LFA1847/HTML/
p00ydn7j,567446,1849,http://archives.bu.edu/web/alistair-cooke/search-letters/detail?id=567446,http://www.bu.edu/dbin/archives/Cooke/LFA1849/HTML/
b043xdm0,567465,1850,http://archives.bu.edu/web/alistair-cooke/search-letters/detail?id=567465,http://www.bu.edu/dbin/archives/Cooke/LFA1850/HTML/
b043xf0v,567495,1851,http://archives.bu.edu/web/alistair-cooke/search-letters/detail?id=567495,http://www.bu.edu/dbin/archives/Cooke/LFA1851/HTML/
b043xf0x,567499,1852,http://archives.bu.edu/web/alistair-cooke/search-letters/detail?id=567499,http://www.bu.edu/dbin/archives/Cooke/LFA1852/HTML/
b043xf0z,567502,1853,http://archives.bu.edu/web/alistair-cooke/search-letters/detail?id=567502,http://www.bu.edu/dbin/archives/Cooke/LFA1853/HTML/
b043xf11,567505,1854,http://archives.bu.edu/web/alistair-cooke/search-letters/detail?id=567505,http://www.bu.edu/dbin/archives/Cooke/LFA1854/HTML/
p00ydn6x,567508,1855,http://archives.bu.edu/web/alistair-cooke/search-letters/detail?id=567508,http://www.bu.edu/dbin/archives/Cooke/LFA1855/HTML/
b043xf16,567511,1856,http://archives.bu.edu/web/alistair-cooke/search-letters/detail?id=567511,http://www.bu.edu/dbin/archives/Cooke/LFA1856/HTML/
b043xf18,567514,1857,http://archives.bu.edu/web/alistair-cooke/search-letters/detail?id=567514,http://www.bu.edu/dbin/archives/Cooke/LFA1857/HTML/
b043xf1c,567517,1858,http://archives.bu.edu/web/alistair-cooke/search-letters/detail?id=567517,http://www.bu.edu/dbin/archives/Cooke/LFA1858/HTML/
b043xf1g,567520,1859,http://archives.bu.edu/web/alistair-cooke/search-letters/detail?id=567520,http://www.bu.edu/dbin/archives/Cooke/LFA1859/HTML/
p00ydn6s,567523,1860,http://archives.bu.edu/web/alistair-cooke/search-letters/detail?id=567523,http://www.bu.edu/dbin/archives/Cooke/LFA1860/HTML/
p00ydn6n,567526,1861,http://archives.bu.edu/web/alistair-cooke/search-letters/detail?id=567526,http://www.bu.edu/dbin/archives/Cooke/LFA1861/HTML/
b043xf1p,567529,1862,http://archives.bu.edu/web/alistair-cooke/search-letters/detail?id=567529,http://www.bu.edu/dbin/archives/Cooke/LFA1862/HTML/
b043xf3d,567532,1863,http://archives.bu.edu/web/alistair-cooke/search-letters/detail?id=567532,http://www.bu.edu/dbin/archives/Cooke/LFA1863/HTML/
p00ydn6j,567535,1864,http://archives.bu.edu/web/alistair-cooke/search-letters/detail?id=567535,http://www.bu.edu/dbin/archives/Cooke/LFA1864/HTML/
p00ydn6d,567538,1865,http://archives.bu.edu/web/alistair-cooke/search-letters/detail?id=567538,http://www.bu.edu/dbin/archives/Cooke/LFA1865/HTML/
b043xffd,567541,1866,http://archives.bu.edu/web/alistair-cooke/search-letters/detail?id=567541,http://www.bu.edu/dbin/archives/Cooke/LFA1866/HTML/
b043xfrr,567544,1868,http://archives.bu.edu/web/alistair-cooke/search-letters/detail?id=567544,http://www.bu.edu/dbin/archives/Cooke/LFA1868/HTML/
b043xgcr,567547,1869,http://archives.bu.edu/web/alistair-cooke/search-letters/detail?id=567547,http://www.bu.edu/dbin/archives/Cooke/LFA1869/HTML/
b043xgct,567551,1870,http://archives.bu.edu/web/alistair-cooke/search-letters/detail?id=567551,http://www.bu.edu/dbin/archives/Cooke/LFA1870/HTML/
b043xgcw,567554,1871,http://archives.bu.edu/web/alistair-cooke/search-letters/detail?id=567554,http://www.bu.edu/dbin/archives/Cooke/LFA1871/HTML/
b043xgr8,567563,1874,http://archives.bu.edu/web/alistair-cooke/search-letters/detail?id=567563,http://www.bu.edu/dbin/archives/Cooke/LFA1874/HTML/
p00ydpdq,567567,1875,http://archives.bu.edu/web/alistair-cooke/search-letters/detail?id=567567,http://www.bu.edu/dbin/archives/Cooke/LFA1875/HTML/
b043xjcv,567570,1876,http://archives.bu.edu/web/alistair-cooke/search-letters/detail?id=567570,http://www.bu.edu/dbin/archives/Cooke/LFA1876/HTML/
b043xjfl,567573,1877,http://archives.bu.edu/web/alistair-cooke/search-letters/detail?id=567573,http://www.bu.edu/dbin/archives/Cooke/LFA1877/HTML/
b043xjfn,567576,1878,http://archives.bu.edu/web/alistair-cooke/search-letters/detail?id=567576,http://www.bu.edu/dbin/archives/Cooke/LFA1878/HTML/
b043xjfq,567579,1879,http://archives.bu.edu/web/alistair-cooke/search-letters/detail?id=567579,http://www.bu.edu/dbin/archives/Cooke/LFA1878/HTML/
b043xjps,567583,1880,http://archives.bu.edu/web/alistair-cooke/search-letters/detail?id=567583,http://www.bu.edu/dbin/archives/Cooke/LFA1880/HTML/
b043xjpv,567588,1881,http://archives.bu.edu/web/alistair-cooke/search-letters/detail?id=567588,http://www.bu.edu/dbin/archives/Cooke/LFA1881/HTML/
b043xkc1,567591,1882,http://archives.bu.edu/web/alistair-cooke/search-letters/detail?id=567591,http://www.bu.edu/dbin/archives/Cooke/LFA1882/HTML/
b043xkc3,567594,1883,http://archives.bu.edu/web/alistair-cooke/search-letters/detail?id=567594,http://www.bu.edu/dbin/archives/Cooke/LFA1883/HTML/
b043xkc5,567601,1884,http://archives.bu.edu/web/alistair-cooke/search-letters/detail?id=567601,http://www.bu.edu/dbin/archives/Cooke/LFA1884/HTML/
b043xkqb,567604,1885,http://archives.bu.edu/web/alistair-cooke/search-letters/detail?id=567604,http://www.bu.edu/dbin/archives/Cooke/LFA1885/HTML/
b043xkqd,567608,1886,http://archives.bu.edu/web/alistair-cooke/search-letters/detail?id=567608,http://www.bu.edu/dbin/archives/Cooke/LFA1886/HTML/
b043xkqg,567611,1887,http://archives.bu.edu/web/alistair-cooke/search-letters/detail?id=567611,http://www.bu.edu/dbin/archives/Cooke/LFA1887/HTML/
b043xkqj,567614,1888,http://archives.bu.edu/web/alistair-cooke/search-letters/detail?id=567614,http://www.bu.edu/dbin/archives/Cooke/LFA1888/HTML/
b043xkql,567617,1889,http://archives.bu.edu/web/alistair-cooke/search-letters/detail?id=567617,http://www.bu.edu/dbin/archives/Cooke/LFA1889/HTML/
b043xksz,567621,1890,http://archives.bu.edu/web/alistair-cooke/search-letters/detail?id=567621,http://www.bu.edu/dbin/archives/Cooke/LFA1890/HTML/
b043xkt1,567624,1891,http://archives.bu.edu/web/alistair-cooke/search-letters/detail?id=567624,http://www.bu.edu/dbin/archives/Cooke/LFA1891/HTML/
b043xkt3,567628,1892,http://archives.bu.edu/web/alistair-cooke/search-letters/detail?id=567628,http://www.bu.edu/dbin/archives/Cooke/LFA1892/HTML/
b043xkt5,567631,1893,http://archives.bu.edu/web/alistair-cooke/search-letters/detail?id=567631,http://www.bu.edu/dbin/archives/Cooke/LFA1893/HTML/
b043xkw1,567637,1894,http://archives.bu.edu/web/alistair-cooke/search-letters/detail?id=567637,http://www.bu.edu/dbin/archives/Cooke/LFA1894/HTML/
b043xkw3,567640,1895,http://archives.bu.edu/web/alistair-cooke/search-letters/detail?id=567640,http://www.bu.edu/dbin/archives/Cooke/LFA1895/HTML/
b043xky6,567643,1896,http://archives.bu.edu/web/alistair-cooke/search-letters/detail?id=567643,http://www.bu.edu/dbin/archives/Cooke/LFA1896/HTML/
b043xky8,567647,1897,http://archives.bu.edu/web/alistair-cooke/search-letters/detail?id=567647,http://www.bu.edu/dbin/archives/Cooke/LFA1897/HTML/
b043xkyb,567652,1898,http://archives.bu.edu/web/alistair-cooke/search-letters/detail?id=567652,http://www.bu.edu/dbin/archives/Cooke/LFA1898/HTML/
b043xkyd,567655,1899,http://archives.bu.edu/web/alistair-cooke/search-letters/detail?id=567655,http://www.bu.edu/dbin/archives/Cooke/LFA1899/HTML/
b043xl0p,567658,1900,http://archives.bu.edu/web/alistair-cooke/search-letters/detail?id=567658,http://www.bu.edu/dbin/archives/Cooke/LFA%201900/HTML/
b043xl0r,567667,1901,http://archives.bu.edu/web/alistair-cooke/search-letters/detail?id=567667,http://www.bu.edu/dbin/archives/Cooke/LFA%201901/HTML/
b043xl0t,567670,1902,http://archives.bu.edu/web/alistair-cooke/search-letters/detail?id=567670,http://www.bu.edu/dbin/archives/Cooke/LFA%201902/HTML/
p00ydpdj,567673,1903,http://archives.bu.edu/web/alistair-cooke/search-letters/detail?id=567673,http://www.bu.edu/dbin/archives/Cooke/LFA%201903/HTML/
b043xl95,567676,1904,http://archives.bu.edu/web/alistair-cooke/search-letters/detail?id=567676,http://www.bu.edu/dbin/archives/Cooke/LFA%201904/HTML/
p00ydpd6,567679,1905,http://archives.bu.edu/web/alistair-cooke/search-letters/detail?id=567679,http://www.bu.edu/dbin/archives/Cooke/LFA%201905/HTML/
b043xl99,567684,1906,http://archives.bu.edu/web/alistair-cooke/search-letters/detail?id=567684,http://www.bu.edu/dbin/archives/Cooke/LFA%201906/HTML/
p00ydpcy,567688,1907,http://archives.bu.edu/web/alistair-cooke/search-letters/detail?id=567688,http://www.bu.edu/dbin/archives/Cooke/LFA%201907/HTML/
p00ydpcm,567691,1908,http://archives.bu.edu/web/alistair-cooke/search-letters/detail?id=567691,http://www.bu.edu/dbin/archives/Cooke/LFA%201908/HTML/
b043xmrs,567695,1909,http://archives.bu.edu/web/alistair-cooke/search-letters/detail?id=567695,http://www.bu.edu/dbin/archives/Cooke/LFA%201909/HTML/
p00ydpcc,567700,1910,http://archives.bu.edu/web/alistair-cooke/search-letters/detail?id=567700,http://www.bu.edu/dbin/archives/Cooke/LFA%201910/HTML/
p00ydpc4,567703,1911,http://archives.bu.edu/web/alistair-cooke/search-letters/detail?id=567703,http://www.bu.edu/dbin/archives/Cooke/LFA%201911/HTML/
b043xnc3,567709,1912,http://archives.bu.edu/web/alistair-cooke/search-letters/detail?id=567709,http://www.bu.edu/dbin/archives/Cooke/LFA%201912/HTML/
b043xnc5,567712,1913,http://archives.bu.edu/web/alistair-cooke/search-letters/detail?id=567712,http://www.bu.edu/dbin/archives/Cooke/LFA%201913/HTML/
b043xnc7,567715,1914,http://archives.bu.edu/web/alistair-cooke/search-letters/detail?id=567715,http://www.bu.edu/dbin/archives/Cooke/LFA%201914/HTML/
b043xnc9,567718,1915,http://archives.bu.edu/web/alistair-cooke/search-letters/detail?id=567718,http://www.bu.edu/dbin/archives/Cooke/LFA%201915/HTML/
b043xnd7,567735,1916,http://archives.bu.edu/web/alistair-cooke/search-letters/detail?id=567735,http://www.bu.edu/dbin/archives/Cooke/LFA%201916/HTML/
b043xp7s,567739,1917,http://archives.bu.edu/web/alistair-cooke/search-letters/detail?id=567739,http://www.bu.edu/dbin/archives/Cooke/LFA%201917/HTML/
b043xp7v,567742,1918,http://archives.bu.edu/web/alistair-cooke/search-letters/detail?id=567742,http://www.bu.edu/dbin/archives/Cooke/LFA%201918/HTML/
b043xp7x,567745,1919,http://archives.bu.edu/web/alistair-cooke/search-letters/detail?id=567745,http://www.bu.edu/dbin/archives/Cooke/LFA%201919/HTML/
b043xp7z,567749,1920,http://archives.bu.edu/web/alistair-cooke/search-letters/detail?id=567749,http://www.bu.edu/dbin/archives/Cooke/LFA%201920/HTML/
b043xp81,567757,1921,http://archives.bu.edu/web/alistair-cooke/search-letters/detail?id=567757,http://www.bu.edu/dbin/archives/Cooke/LFA%201921/HTML/
b043xp83,567760,1922,http://archives.bu.edu/web/alistair-cooke/search-letters/detail?id=567760,http://www.bu.edu/dbin/archives/Cooke/LFA%201922/HTML/
b043xp85,567763,1923,http://archives.bu.edu/web/alistair-cooke/search-letters/detail?id=567763,http://www.bu.edu/dbin/archives/Cooke/LFA%201923/HTML/
b043xp89,567767,1924,http://archives.bu.edu/web/alistair-cooke/search-letters/detail?id=567767,http://www.bu.edu/dbin/archives/Cooke/LFA%201924/HTML/
b043xphk,567770,1925,http://archives.bu.edu/web/alistair-cooke/search-letters/detail?id=567770,http://www.bu.edu/dbin/archives/Cooke/LFA%201925/HTML/
b043xphm,567773,1926,http://archives.bu.edu/web/alistair-cooke/search-letters/detail?id=567773,http://www.bu.edu/dbin/archives/Cooke/LFA%201926/HTML/
p00yrlf1,567779,1929,http://archives.bu.edu/web/alistair-cooke/search-letters/detail?id=567779,http://www.bu.edu/dbin/archives/Cooke/LFA%201926/HTML/
b043xpl3,567782,1930,http://archives.bu.edu/web/alistair-cooke/search-letters/detail?id=567782,http://www.bu.edu/dbin/archives/Cooke/LFA%201930/HTML/
b043xpl5,567785,1931,http://archives.bu.edu/web/alistair-cooke/search-letters/detail?id=567785,http://www.bu.edu/dbin/archives/Cooke/LFA%201931/HTML/
b043xpr2,567788,1932,http://archives.bu.edu/web/alistair-cooke/search-letters/detail?id=567788,http://www.bu.edu/dbin/archives/Cooke/LFA%201932/HTML/
b043xpr4,567791,1933,http://archives.bu.edu/web/alistair-cooke/search-letters/detail?id=567791,http://www.bu.edu/dbin/archives/Cooke/LFA%201933/HTML/
b043xpr6,567795,1934,http://archives.bu.edu/web/alistair-cooke/search-letters/detail?id=567795,http://www.bu.edu/dbin/archives/Cooke/LFA%201934/HTML/
b043xpr8,567798,1935,http://archives.bu.edu/web/alistair-cooke/search-letters/detail?id=567798,http://www.bu.edu/dbin/archives/Cooke/LFA%201935/HTML/
b043xprb,567801,1936,http://archives.bu.edu/web/alistair-cooke/search-letters/detail?id=567801,http://www.bu.edu/dbin/archives/Cooke/LFA%201936/HTML/
b043xprd,567804,1937,http://archives.bu.edu/web/alistair-cooke/search-letters/detail?id=567804,http://www.bu.edu/dbin/archives/Cooke/LFA%201937/HTML/
p00yrk59,567808,1938,http://archives.bu.edu/web/alistair-cooke/search-letters/detail?id=567808,http://www.bu.edu/dbin/archives/Cooke/LFA%201938/HTML/
b043xq16,567812,1939,http://archives.bu.edu/web/alistair-cooke/search-letters/detail?id=567812,http://www.bu.edu/dbin/archives/Cooke/LFA%201939/HTML/
p00ydpjb,567815,1940,http://archives.bu.edu/web/alistair-cooke/search-letters/detail?id=567815,http://www.bu.edu/dbin/archives/Cooke/LFA%201940/HTML/
b043xq1b,567818,1941,http://archives.bu.edu/web/alistair-cooke/search-letters/detail?id=567818,http://www.bu.edu/dbin/archives/Cooke/LFA%201941/HTML/
b043xq2h,567821,1942,http://archives.bu.edu/web/alistair-cooke/search-letters/detail?id=567821,http://www.bu.edu/dbin/archives/Cooke/LFA%201942/HTML/
b043xq2k,567824,1943,http://archives.bu.edu/web/alistair-cooke/search-letters/detail?id=567824,http://www.bu.edu/dbin/archives/Cooke/LFA%201943/HTML/
p00ydphp,567827,1944,http://archives.bu.edu/web/alistair-cooke/search-letters/detail?id=567827,http://www.bu.edu/dbin/archives/Cooke/LFA%201944/HTML/
b043xq9n,567830,1945,http://archives.bu.edu/web/alistair-cooke/search-letters/detail?id=567830,http://www.bu.edu/dbin/archives/Cooke/LFA%201945/HTML/
b043xq9q,567833,1946,http://archives.bu.edu/web/alistair-cooke/search-letters/detail?id=567833,http://www.bu.edu/dbin/archives/Cooke/LFA%201946/HTML/
b043xq9s,567836,1947,http://archives.bu.edu/web/alistair-cooke/search-letters/detail?id=567836,http://www.bu.edu/dbin/archives/Cooke/LFA%201947/HTML/
b043xq9v,567839,1948,http://archives.bu.edu/web/alistair-cooke/search-letters/detail?id=567839,http://www.bu.edu/dbin/archives/Cooke/LFA%201948/HTML/
b043xq9x,567843,1949,http://archives.bu.edu/web/alistair-cooke/search-letters/detail?id=567843,http://www.bu.edu/dbin/archives/Cooke/LFA%201949/HTML/
p00ydph0,567846,1950,http://archives.bu.edu/web/alistair-cooke/search-letters/detail?id=567846,http://www.bu.edu/dbin/archives/Cooke/LFA%201950/HTML/
b043xqb1,567849,1951,http://archives.bu.edu/web/alistair-cooke/search-letters/detail?id=567849,http://www.bu.edu/dbin/archives/Cooke/LFA%201951/HTML/
b043xqb3,567852,1952,http://archives.bu.edu/web/alistair-cooke/search-letters/detail?id=567852,http://www.bu.edu/dbin/archives/Cooke/LFA%201952/HTML/
b043xqb5,567855,1953,http://archives.bu.edu/web/alistair-cooke/search-letters/detail?id=567855,http://www.bu.edu/dbin/archives/Cooke/LFA%201953/HTML/
p00ydpgf,567858,1954,http://archives.bu.edu/web/alistair-cooke/search-letters/detail?id=567858,http://www.bu.edu/dbin/archives/Cooke/LFA%201954/HTML/
b043xqh7,567863,1955,http://archives.bu.edu/web/alistair-cooke/search-letters/detail?id=567863,http://www.bu.edu/dbin/archives/Cooke/LFA%201955/HTML/
b043xqh9,567866,1956,http://archives.bu.edu/web/alistair-cooke/search-letters/detail?id=567866,http://www.bu.edu/dbin/archives/Cooke/LFA%201956/HTML/
b043xqhc,567869,1957,http://archives.bu.edu/web/alistair-cooke/search-letters/detail?id=567869,http://www.bu.edu/dbin/archives/Cooke/LFA%201957/HTML/
b043xqkz,567872,1958,http://archives.bu.edu/web/alistair-cooke/search-letters/detail?id=567872,http://www.bu.edu/dbin/archives/Cooke/LFA%201958/HTML/
b043xql1,567875,1959,http://archives.bu.edu/web/alistair-cooke/search-letters/detail?id=567875,http://www.bu.edu/dbin/archives/Cooke/LFA%201959/HTML/
b043xqt7,567878,1961,http://archives.bu.edu/web/alistair-cooke/search-letters/detail?id=567878,http://www.bu.edu/dbin/archives/Cooke/LFA%201961/HTML/
b043xqtc,567881,1963,http://archives.bu.edu/web/alistair-cooke/search-letters/detail?id=567881,http://www.bu.edu/dbin/archives/Cooke/LFA%201963/HTML/
b043xrnd,567885,1964,http://archives.bu.edu/web/alistair-cooke/search-letters/detail?id=567885,http://www.bu.edu/dbin/archives/Cooke/LFA%201964/HTML/
p00ydpfr,567889,1965,http://archives.bu.edu/web/alistair-cooke/search-letters/detail?id=567889,http://www.bu.edu/dbin/archives/Cooke/LFA%201965/HTML/
b043xsbh,567892,1966,http://archives.bu.edu/web/alistair-cooke/search-letters/detail?id=567892,http://www.bu.edu/dbin/archives/Cooke/LFA%201966/HTML/
b043xsbk,567896,1967,http://archives.bu.edu/web/alistair-cooke/search-letters/detail?id=567896,http://www.bu.edu/dbin/archives/Cooke/LFA%201967/HTML/
b043xsbm,567899,1968,http://archives.bu.edu/web/alistair-cooke/search-letters/detail?id=567899,http://www.bu.edu/dbin/archives/Cooke/LFA%201968/HTML/
b043xsbp,567903,1969,http://archives.bu.edu/web/alistair-cooke/search-letters/detail?id=567903,http://www.bu.edu/dbin/archives/Cooke/LFA%201969/HTML/
p00ydpf1,567907,1970,http://archives.bu.edu/web/alistair-cooke/search-letters/detail?id=567907,http://www.bu.edu/dbin/archives/Cooke/LFA%201970/HTML/
b043xsbt,567910,1971,http://archives.bu.edu/web/alistair-cooke/search-letters/detail?id=567910,http://www.bu.edu/dbin/archives/Cooke/LFA%201971/HTML/
b043xsbw,567913,1972,http://archives.bu.edu/web/alistair-cooke/search-letters/detail?id=567913,http://www.bu.edu/dbin/archives/Cooke/LFA%201972/HTML/
b043xsd9,567916,1973,http://archives.bu.edu/web/alistair-cooke/search-letters/detail?id=567916,http://www.bu.edu/dbin/archives/Cooke/LFA%201973/HTML/
b043xsdc,567919,1974,http://archives.bu.edu/web/alistair-cooke/search-letters/detail?id=567919,http://www.bu.edu/dbin/archives/Cooke/LFA%201974/HTML/
b043xsdf,567922,1975,http://archives.bu.edu/web/alistair-cooke/search-letters/detail?id=567922,http://www.bu.edu/dbin/archives/Cooke/LFA%201975/HTML/
b043xsdh,567925,1976,http://archives.bu.edu/web/alistair-cooke/search-letters/detail?id=567925,http://www.bu.edu/dbin/archives/Cooke/LFA%201976/HTML/
b043xsjy,567928,1977,http://archives.bu.edu/web/alistair-cooke/search-letters/detail?id=567928,http://www.bu.edu/dbin/archives/Cooke/LFA%201977/HTML/
p00ydql7,567931,1985,http://archives.bu.edu/web/alistair-cooke/search-letters/detail?id=567931,http://www.bu.edu/dbin/archives/Cooke/LFA%201985/HTML/
b043xsrd,567934,1987,http://archives.bu.edu/web/alistair-cooke/search-letters/detail?id=567934,http://www.bu.edu/dbin/archives/Cooke/LFA%201987/HTML/
b043xsrg,567937,1988,http://archives.bu.edu/web/alistair-cooke/search-letters/detail?id=567937,http://www.bu.edu/dbin/archives/Cooke/LFA%201988/HTML/
p00ydql3,567940,1989,http://archives.bu.edu/web/alistair-cooke/search-letters/detail?id=567940,http://www.bu.edu/dbin/archives/Cooke/LFA%201989/HTML/
b043xsv7,567944,1990,http://archives.bu.edu/web/alistair-cooke/search-letters/detail?id=567944,http://www.bu.edu/dbin/archives/Cooke/LFA%201990/HTML/
b043xsvt,567948,1991,http://archives.bu.edu/web/alistair-cooke/search-letters/detail?id=567948,http://www.bu.edu/dbin/archives/Cooke/LFA%201991/HTML/
b043xsy2,567953,1992,http://archives.bu.edu/web/alistair-cooke/search-letters/detail?id=567953,http://www.bu.edu/dbin/archives/Cooke/LFA%201992/HTML/
b043xsyg,567956,1993,http://archives.bu.edu/web/alistair-cooke/search-letters/detail?id=567956,http://www.bu.edu/dbin/archives/Cooke/LFA%201993/HTML/
b043xsz2,567960,1994,http://archives.bu.edu/web/alistair-cooke/search-letters/detail?id=567960,http://www.bu.edu/dbin/archives/Cooke/LFA%201994/HTML/
b043xt4j,567963,1998,http://archives.bu.edu/web/alistair-cooke/search-letters/detail?id=567963,http://www.bu.edu/dbin/archives/Cooke/LFA%201998/HTML/
b043xt4l,567967,1999,http://archives.bu.edu/web/alistair-cooke/search-letters/detail?id=567967,http://www.bu.edu/dbin/archives/Cooke/LFA%201999/HTML/
p00ydqkz,567974,2000,http://archives.bu.edu/web/alistair-cooke/search-letters/detail?id=567974,http://www.bu.edu/dbin/archives/Cooke/LFA%202000/HTML/
b043xv03,567979,2001,http://archives.bu.edu/web/alistair-cooke/search-letters/detail?id=567979,http://www.bu.edu/dbin/archives/Cooke/LFA%202001/HTML/
b043xv05,567982,2002,http://archives.bu.edu/web/alistair-cooke/search-letters/detail?id=567982,http://www.bu.edu/dbin/archives/Cooke/LFA%202002/HTML/
p00ydqkv,567988,2003,http://archives.bu.edu/web/alistair-cooke/search-letters/detail?id=567988,http://www.bu.edu/dbin/archives/Cooke/LFA%202003/HTML/
b043xw79,567991,2004,http://archives.bu.edu/web/alistair-cooke/search-letters/detail?id=567991,http://www.bu.edu/dbin/archives/Cooke/LFA%202004/HTML/
b0440fjg,567994,2005,http://archives.bu.edu/web/alistair-cooke/search-letters/detail?id=567994,http://www.bu.edu/dbin/archives/Cooke/LFA%202005/HTML/
b0440fjj,567997,2006,http://archives.bu.edu/web/alistair-cooke/search-letters/detail?id=567997,http://www.bu.edu/dbin/archives/Cooke/LFA%202006/HTML/
b0440fjl,568000,2007,http://archives.bu.edu/web/alistair-cooke/search-letters/detail?id=568000,http://www.bu.edu/dbin/archives/Cooke/LFA%202007/HTML/
b0440fjn,568004,2008,http://archives.bu.edu/web/alistair-cooke/search-letters/detail?id=568004,http://www.bu.edu/dbin/archives/Cooke/LFA%202008/HTML/
b0440fjq,568007,2009,http://archives.bu.edu/web/alistair-cooke/search-letters/detail?id=568007,http://www.bu.edu/dbin/archives/Cooke/LFA%202009/HTML/
b0440fjs,568010,2010,http://archives.bu.edu/web/alistair-cooke/search-letters/detail?id=568010,http://www.bu.edu/dbin/archives/Cooke/LFA%202010/HTML/
p00ydqkm,568013,2011,http://archives.bu.edu/web/alistair-cooke/search-letters/detail?id=568013,http://www.bu.edu/dbin/archives/Cooke/LFA%202011/HTML/
b0440ft1,568016,2012,http://archives.bu.edu/web/alistair-cooke/search-letters/detail?id=568016,http://www.bu.edu/dbin/archives/Cooke/LFA%202012/HTML/
p00ydqjs,568019,2013,http://archives.bu.edu/web/alistair-cooke/search-letters/detail?id=568019,http://www.bu.edu/dbin/archives/Cooke/LFA%202013/HTML/
p00ydqj7,568023,2015,http://archives.bu.edu/web/alistair-cooke/search-letters/detail?id=568023,http://www.bu.edu/dbin/archives/Cooke/LFA%202015/HTML/
b0440ftc,568026,2017,http://archives.bu.edu/web/alistair-cooke/search-letters/detail?id=568026,http://www.bu.edu/dbin/archives/Cooke/LFA%202017/HTML/
p00ydqj2,568029,2018,http://archives.bu.edu/web/alistair-cooke/search-letters/detail?id=568029,http://www.bu.edu/dbin/archives/Cooke/LFA%202018/HTML/
b0440lhc,568032,2019,http://archives.bu.edu/web/alistair-cooke/search-letters/detail?id=568032,http://www.bu.edu/dbin/archives/Cooke/LFA%202019/HTML/
p00yrrdj,568035,2021,http://archives.bu.edu/web/alistair-cooke/search-letters/detail?id=568035,http://www.bu.edu/dbin/archives/Cooke/LFA%202021/HTML/
p00yrrgg,568038,2022,http://archives.bu.edu/web/alistair-cooke/search-letters/detail?id=568038,http://www.bu.edu/dbin/archives/Cooke/LFA%202022/HTML/
p00yrrdb,568041,2023,http://archives.bu.edu/web/alistair-cooke/search-letters/detail?id=568041,http://www.bu.edu/dbin/archives/Cooke/LFA%202023/HTML/
p00yrkqf,568044,2024,http://archives.bu.edu/web/alistair-cooke/search-letters/detail?id=568044,http://www.bu.edu/dbin/archives/Cooke/LFA%202024/HTML/
p00yrkv5,568047,2025,http://archives.bu.edu/web/alistair-cooke/search-letters/detail?id=568047,http://www.bu.edu/dbin/archives/Cooke/LFA%202025/HTML/
b0440lht,568050,2026,http://archives.bu.edu/web/alistair-cooke/search-letters/detail?id=568050,http://www.bu.edu/dbin/archives/Cooke/LFA%202026/HTML/
p00ydqs3,568053,2027,http://archives.bu.edu/web/alistair-cooke/search-letters/detail?id=568053,http://www.bu.edu/dbin/archives/Cooke/LFA%202027/HTML/
b0440mmh,568056,2029,http://archives.bu.edu/web/alistair-cooke/search-letters/detail?id=568056,http://www.bu.edu/dbin/archives/Cooke/LFA%202029/HTML/
b0440mmk,568059,2030,http://archives.bu.edu/web/alistair-cooke/search-letters/detail?id=568059,http://www.bu.edu/dbin/archives/Cooke/LFA%202030/HTML/
p00yrrd5,568062,2034,http://archives.bu.edu/web/alistair-cooke/search-letters/detail?id=568062,http://www.bu.edu/dbin/archives/Cooke/LFA%202034/HTML/
b0440mmw,568065,2035,http://archives.bu.edu/web/alistair-cooke/search-letters/detail?id=568065,http://www.bu.edu/dbin/archives/Cooke/LFA%202035/HTML/
b0440mmy,568068,2036,http://archives.bu.edu/web/alistair-cooke/search-letters/detail?id=568068,http://www.bu.edu/dbin/archives/Cooke/LFA%202036/HTML/
p00yds6n,568082,2037,http://archives.bu.edu/web/alistair-cooke/search-letters/detail?id=568082,http://www.bu.edu/dbin/archives/Cooke/LFA%202037/HTML/
p00yds5z,568085,2038,http://archives.bu.edu/web/alistair-cooke/search-letters/detail?id=568085,http://www.bu.edu/dbin/archives/Cooke/LFA%202038/HTML/
p00yds5d,568088,2039,http://archives.bu.edu/web/alistair-cooke/search-letters/detail?id=568088,http://www.bu.edu/dbin/archives/Cooke/LFA%202039/HTML/
b0440n5g,568091,2040,http://archives.bu.edu/web/alistair-cooke/search-letters/detail?id=568091,http://www.bu.edu/dbin/archives/Cooke/LFA%202040/HTML/
b0440n5j,568094,2041,http://archives.bu.edu/web/alistair-cooke/search-letters/detail?id=568094,http://www.bu.edu/dbin/archives/Cooke/LFA%202041/HTML/
b0440n5l,568097,2042,http://archives.bu.edu/web/alistair-cooke/search-letters/detail?id=568097,http://www.bu.edu/dbin/archives/Cooke/LFA%202042/HTML/
p00ydsdx,568149,2044,http://archives.bu.edu/web/alistair-cooke/search-letters/detail?id=568149,http://www.bu.edu/dbin/archives/Cooke/LFA%202044/HTML/
p00yds50,568152,2045,http://archives.bu.edu/web/alistair-cooke/search-letters/detail?id=568152,http://www.bu.edu/dbin/archives/Cooke/LFA%202045/HTML/
p00yds4q,568155,2046,http://archives.bu.edu/web/alistair-cooke/search-letters/detail?id=568155,http://www.bu.edu/dbin/archives/Cooke/LFA%202046/HTML/
p00yds45,568158,2047,http://archives.bu.edu/web/alistair-cooke/search-letters/detail?id=568158,http://www.bu.edu/dbin/archives/Cooke/LFA%202047/HTML/
p00yds3x,568161,2048,http://archives.bu.edu/web/alistair-cooke/search-letters/detail?id=568161,http://www.bu.edu/dbin/archives/Cooke/LFA%202048/HTML/
b0440w6f,568164,2049,http://archives.bu.edu/web/alistair-cooke/search-letters/detail?id=568164,http://www.bu.edu/dbin/archives/Cooke/LFA%202049/HTML/
b0440xq7,568167,2050,http://archives.bu.edu/web/alistair-cooke/search-letters/detail?id=568167,http://www.bu.edu/dbin/archives/Cooke/LFA%202050/HTML/
b0440xq9,568220,2051,http://archives.bu.edu/web/alistair-cooke/search-letters/detail?id=568220,http://www.bu.edu/dbin/archives/Cooke/LFA%202051/HTML/
p00yds18,568223,2052,http://archives.bu.edu/web/alistair-cooke/search-letters/detail?id=568223,http://www.bu.edu/dbin/archives/Cooke/LFA%202052/HTML/
p00yds18,568226,2053,http://archives.bu.edu/web/alistair-cooke/search-letters/detail?id=568226,http://www.bu.edu/dbin/archives/Cooke/LFA%202053/HTML/
p00yds18,568223,2052,http://archives.bu.edu/web/alistair-cooke/search-letters/detail?id=568223,http://www.bu.edu/dbin/archives/Cooke/LFA%202052/HTML/
b0440xqk,568229,2054,http://archives.bu.edu/web/alistair-cooke/search-letters/detail?id=568229,http://www.bu.edu/dbin/archives/Cooke/LFA%202054/HTML/
p00yds0n,568232,2055,http://archives.bu.edu/web/alistair-cooke/search-letters/detail?id=568232,http://www.bu.edu/dbin/archives/Cooke/LFA%202055/HTML/
p00ydrzt,568235,2056,http://archives.bu.edu/web/alistair-cooke/search-letters/detail?id=568235,http://www.bu.edu/dbin/archives/Cooke/LFA%202056/HTML/
p00ydrzp,568238,2057,http://archives.bu.edu/web/alistair-cooke/search-letters/detail?id=568238,http://www.bu.edu/dbin/archives/Cooke/LFA%202057/HTML/
p00ydsck,568241,2060,http://archives.bu.edu/web/alistair-cooke/search-letters/detail?id=568241,http://www.bu.edu/dbin/archives/Cooke/LFA%202060/HTML/
p00ydryx,568244,2062,http://archives.bu.edu/web/alistair-cooke/search-letters/detail?id=568244,http://www.bu.edu/dbin/archives/Cooke/LFA%202062/HTML/
p00ydry9,568252,2063,http://archives.bu.edu/web/alistair-cooke/search-letters/detail?id=568252,http://www.bu.edu/dbin/archives/Cooke/LFA%202063/HTML/
b04412vw,568255,2064,http://archives.bu.edu/web/alistair-cooke/search-letters/detail?id=568255,http://www.bu.edu/dbin/archives/Cooke/LFA%202064/HTML/
p00ydrxs,568258,2065,http://archives.bu.edu/web/alistair-cooke/search-letters/detail?id=568258,http://www.bu.edu/dbin/archives/Cooke/LFA%202065/HTML/
p00ydrxj,568261,2066,http://archives.bu.edu/web/alistair-cooke/search-letters/detail?id=568261,http://www.bu.edu/dbin/archives/Cooke/LFA%202066/HTML/
b0441r0s,568264,2067,http://archives.bu.edu/web/alistair-cooke/search-letters/detail?id=568264,http://www.bu.edu/dbin/archives/Cooke/LFA%202067/HTML/
p00ydsb7,568267,2068,http://archives.bu.edu/web/alistair-cooke/search-letters/detail?id=568267,http://www.bu.edu/dbin/archives/Cooke/LFA%202068/HTML/
b0441r0x,568282,2069,http://archives.bu.edu/web/alistair-cooke/search-letters/detail?id=568282,http://www.bu.edu/dbin/archives/Cooke/LFA%202069/HTML/
p00ydrww,568285,2070,http://archives.bu.edu/web/alistair-cooke/search-letters/detail?id=568285,http://www.bu.edu/dbin/archives/Cooke/LFA%202070/HTML/
p00ydrwr,568288,2071,http://archives.bu.edu/web/alistair-cooke/search-letters/detail?id=568288,http://www.bu.edu/dbin/archives/Cooke/LFA%202071/HTML/
p00ydrwm,568292,2072,http://archives.bu.edu/web/alistair-cooke/search-letters/detail?id=568292,http://www.bu.edu/dbin/archives/Cooke/LFA%202072/HTML/
p00ydrwb,568296,2073,http://archives.bu.edu/web/alistair-cooke/search-letters/detail?id=568296,http://www.bu.edu/dbin/archives/Cooke/LFA%202073/HTML/
b0441r17,568301,2074,http://archives.bu.edu/web/alistair-cooke/search-letters/detail?id=568301,http://www.bu.edu/dbin/archives/Cooke/LFA%202074/HTML/
b0441r19,568305,2075,http://archives.bu.edu/web/alistair-cooke/search-letters/detail?id=568305,http://www.bu.edu/dbin/archives/Cooke/LFA%202075/HTML/
p00ydsb2,568309,2076,http://archives.bu.edu/web/alistair-cooke/search-letters/detail?id=568309,http://www.bu.edu/dbin/archives/Cooke/LFA%202076/HTML/
b0441r1f,568314,2077,http://archives.bu.edu/web/alistair-cooke/search-letters/detail?id=568314,http://www.bu.edu/dbin/archives/Cooke/LFA%202077/HTML/
p00ydtmp,568318,2081,http://archives.bu.edu/web/alistair-cooke/search-letters/detail?id=568318,http://www.bu.edu/dbin/archives/Cooke/LFA%202081/HTML/
p00ydtmd,568369,2082,http://archives.bu.edu/web/alistair-cooke/search-letters/detail?id=568369,http://www.bu.edu/dbin/archives/Cooke/LFA%202082/HTML/
p00ydtlw,568372,2083,http://archives.bu.edu/web/alistair-cooke/search-letters/detail?id=568372,http://www.bu.edu/dbin/archives/Cooke/LFA%202083/HTML/
p00ydtlf,568376,2084,http://archives.bu.edu/web/alistair-cooke/search-letters/detail?id=568376,http://www.bu.edu/dbin/archives/Cooke/LFA%202084/HTML/
b0441wjj,568383,2085,http://archives.bu.edu/web/alistair-cooke/search-letters/detail?id=568383,http://www.bu.edu/dbin/archives/Cooke/LFA%202085/HTML/
p00ydtkz,568387,2086,http://archives.bu.edu/web/alistair-cooke/search-letters/detail?id=568387,http://www.bu.edu/dbin/archives/Cooke/LFA%202086/HTML/
p00ydtkk,568409,2087,http://archives.bu.edu/web/alistair-cooke/search-letters/detail?id=568409,http://www.bu.edu/dbin/archives/Cooke/LFA%202087/HTML/
b0441wjq,568412,2088,http://archives.bu.edu/web/alistair-cooke/search-letters/detail?id=568412,http://www.bu.edu/dbin/archives/Cooke/LFA%202088/HTML/
p00ydtjh,568417,2090,http://archives.bu.edu/web/alistair-cooke/search-letters/detail?id=568417,http://www.bu.edu/dbin/archives/Cooke/LFA%202090/HTML/
p00ydthz,568420,2091,http://archives.bu.edu/web/alistair-cooke/search-letters/detail?id=568420,http://www.bu.edu/dbin/archives/Cooke/LFA%202091/HTML/
p00ydtgt,568424,2093,http://archives.bu.edu/web/alistair-cooke/search-letters/detail?id=568424,http://www.bu.edu/dbin/archives/Cooke/LFA%202093/HTML/
p00ydthf,568427,2092,http://archives.bu.edu/web/alistair-cooke/search-letters/detail?id=568427,http://www.bu.edu/dbin/archives/Cooke/LFA%202092/HTML/
p00ydv01,568430,2094,http://archives.bu.edu/web/alistair-cooke/search-letters/detail?id=568430,http://www.bu.edu/dbin/archives/Cooke/LFA%202094/HTML/
p00ydtfh,568436,2097,http://archives.bu.edu/web/alistair-cooke/search-letters/detail?id=568436,http://www.bu.edu/dbin/archives/Cooke/LFA%202097/HTML/
b0441ww8,568439,2098,http://archives.bu.edu/web/alistair-cooke/search-letters/detail?id=568439,http://www.bu.edu/dbin/archives/Cooke/LFA%202098/HTML/
p00ydtf2,568530,2099,http://archives.bu.edu/web/alistair-cooke/search-letters/detail?id=568530,http://www.bu.edu/dbin/archives/Cooke/LFA%202099/HTML/
p00ydtdf,568538,2100,http://archives.bu.edu/web/alistair-cooke/search-letters/detail?id=568538,http://www.bu.edu/dbin/archives/Cooke/LFA%202100/HTML/
p00ydtd4,568554,2101,http://archives.bu.edu/web/alistair-cooke/search-letters/detail?id=568554,http://www.bu.edu/dbin/archives/Cooke/LFA%202101/HTML/
p00ydtck,568557,2102,http://archives.bu.edu/web/alistair-cooke/search-letters/detail?id=568557,http://www.bu.edu/dbin/archives/Cooke/LFA%202102/HTML/
p00ydtbz,568560,2103,http://archives.bu.edu/web/alistair-cooke/search-letters/detail?id=568560,http://www.bu.edu/dbin/archives/Cooke/LFA%202103/HTML/
p00ydtbg,568563,2104,http://archives.bu.edu/web/alistair-cooke/search-letters/detail?id=568563,http://www.bu.edu/dbin/archives/Cooke/LFA%202104/HTML/
p00ydtb5,568566,2105,http://archives.bu.edu/web/alistair-cooke/search-letters/detail?id=568566,http://www.bu.edu/dbin/archives/Cooke/LFA%202105/HTML/
b0441y42,568569,2107,http://archives.bu.edu/web/alistair-cooke/search-letters/detail?id=568569,http://www.bu.edu/dbin/archives/Cooke/LFA%202107/HTML/
p00ydt9f,568572,2108,http://archives.bu.edu/web/alistair-cooke/search-letters/detail?id=568572,http://www.bu.edu/dbin/archives/Cooke/LFA%202108/HTML/
p00ydt8v,568575,2109,http://archives.bu.edu/web/alistair-cooke/search-letters/detail?id=568575,http://www.bu.edu/dbin/archives/Cooke/LFA%202109/HTML/
p00ydt8p,568578,2110,http://archives.bu.edu/web/alistair-cooke/search-letters/detail?id=568578,http://www.bu.edu/dbin/archives/Cooke/LFA%202110/HTML/
p00ydtxp,568581,2111,http://archives.bu.edu/web/alistair-cooke/search-letters/detail?id=568581,http://www.bu.edu/dbin/archives/Cooke/LFA%202111/HTML/
p00ydt8h,568584,2112,http://archives.bu.edu/web/alistair-cooke/search-letters/detail?id=568584,http://www.bu.edu/dbin/archives/Cooke/LFA%202112/HTML/
p00ydt8c,568587,2113,http://archives.bu.edu/web/alistair-cooke/search-letters/detail?id=568587,http://www.bu.edu/dbin/archives/Cooke/LFA%202113/HTML/
p00ydtxb,568590,2114,http://archives.bu.edu/web/alistair-cooke/search-letters/detail?id=568590,http://www.bu.edu/dbin/archives/Cooke/LFA%202114/HTML/
p00ydt85,568593,2115,http://archives.bu.edu/web/alistair-cooke/search-letters/detail?id=568593,http://www.bu.edu/dbin/archives/Cooke/LFA%202115/HTML/
p00ydt80,568596,2116,http://archives.bu.edu/web/alistair-cooke/search-letters/detail?id=568596,http://www.bu.edu/dbin/archives/Cooke/LFA%202116/HTML/
p00ydt7n,568599,2117,http://archives.bu.edu/web/alistair-cooke/search-letters/detail?id=568599,http://www.bu.edu/dbin/archives/Cooke/LFA%202117/HTML/
p00ydt79,568602,2118,http://archives.bu.edu/web/alistair-cooke/search-letters/detail?id=568602,http://www.bu.edu/dbin/archives/Cooke/LFA%202118/HTML/
p00ydt74,568605,2119,http://archives.bu.edu/web/alistair-cooke/search-letters/detail?id=568605,http://www.bu.edu/dbin/archives/Cooke/LFA%202119/HTML/
p00ydt6w,568608,2120,http://archives.bu.edu/web/alistair-cooke/search-letters/detail?id=568608,http://www.bu.edu/dbin/archives/Cooke/LFA%202120/HTML/
p00ydt6n,568611,2121,http://archives.bu.edu/web/alistair-cooke/search-letters/detail?id=568611,http://www.bu.edu/dbin/archives/Cooke/LFA%202121/HTML/
b0441zdk,568614,2122,http://archives.bu.edu/web/alistair-cooke/search-letters/detail?id=568614,http://www.bu.edu/dbin/archives/Cooke/LFA%202122/HTML/
p00ydt6j,568617,2123,http://archives.bu.edu/web/alistair-cooke/search-letters/detail?id=568617,http://www.bu.edu/dbin/archives/Cooke/LFA%202123/HTML/
p00ydt6d,568620,2124,http://archives.bu.edu/web/alistair-cooke/search-letters/detail?id=568620,http://www.bu.edu/dbin/archives/Cooke/LFA%202124/HTML/
p00ydt62,568625,2126,http://archives.bu.edu/web/alistair-cooke/search-letters/detail?id=568625,http://www.bu.edu/dbin/archives/Cooke/LFA%202126/HTML/
p00ydt5n,568628,2127,http://archives.bu.edu/web/alistair-cooke/search-letters/detail?id=568628,http://www.bu.edu/dbin/archives/Cooke/LFA%202127/HTML/
p00ydt58,568631,2128,http://archives.bu.edu/web/alistair-cooke/search-letters/detail?id=568631,http://www.bu.edu/dbin/archives/Cooke/LFA%202128/HTML/
b0441zf0,568634,2129,http://archives.bu.edu/web/alistair-cooke/search-letters/detail?id=568634,http://www.bu.edu/dbin/archives/Cooke/LFA%202129/HTML/
p00ydt4z,568637,2130,http://archives.bu.edu/web/alistair-cooke/search-letters/detail?id=568637,http://www.bu.edu/dbin/archives/Cooke/LFA%202130/HTML/
p00ydt4v,568640,2131,http://archives.bu.edu/web/alistair-cooke/search-letters/detail?id=568640,http://www.bu.edu/dbin/archives/Cooke/LFA%202131/HTML/
p00ydt4q,568643,2132,http://archives.bu.edu/web/alistair-cooke/search-letters/detail?id=568643,http://www.bu.edu/dbin/archives/Cooke/LFA%202132/HTML/
p00yg310,568646,2133,http://archives.bu.edu/web/alistair-cooke/search-letters/detail?id=568646,http://www.bu.edu/dbin/archives/Cooke/LFA%202133/HTML/
p00yg308,568649,2134,http://archives.bu.edu/web/alistair-cooke/search-letters/detail?id=568649,http://www.bu.edu/dbin/archives/Cooke/LFA%202134/HTML/
p00yg308,568652,2135,http://archives.bu.edu/web/alistair-cooke/search-letters/detail?id=568652,http://www.bu.edu/dbin/archives/Cooke/LFA%202135/HTML/
p00yg308,568649,2134,http://archives.bu.edu/web/alistair-cooke/search-letters/detail?id=568649,http://www.bu.edu/dbin/archives/Cooke/LFA%202134/HTML/
p00yg2z5,568655,2136,http://archives.bu.edu/web/alistair-cooke/search-letters/detail?id=568655,http://www.bu.edu/dbin/archives/Cooke/LFA%202136/HTML/
p00yg2yq,568658,2137,http://archives.bu.edu/web/alistair-cooke/search-letters/detail?id=568658,http://www.bu.edu/dbin/archives/Cooke/LFA%202137/HTML/
p00yhgrf,568662,2138,http://archives.bu.edu/web/alistair-cooke/search-letters/detail?id=568662,http://www.bu.edu/dbin/archives/Cooke/LFA%202138/HTML/
p00z2j2q,568665,2139,http://archives.bu.edu/web/alistair-cooke/search-letters/detail?id=568665,http://www.bu.edu/dbin/archives/Cooke/LFA%202139/HTML/
p00z2j2q,568668,2140,http://archives.bu.edu/web/alistair-cooke/search-letters/detail?id=568668,http://www.bu.edu/dbin/archives/Cooke/LFA%202140/HTML/
p00z2j2q,568671,2141,http://archives.bu.edu/web/alistair-cooke/search-letters/detail?id=568671,http://www.bu.edu/dbin/archives/Cooke/LFA%202141/HTML/
p00z2j2q,568674,2142,http://archives.bu.edu/web/alistair-cooke/search-letters/detail?id=568674,http://www.bu.edu/dbin/archives/Cooke/LFA%202142/HTML/
p00yh7zw,97444,2248,http://archives.bu.edu/web/alistair-cooke/search-letters/detail?id=97444,http://www.bu.edu/dbin/archives/content/holdings/LFA2248/HTML/
p00z2j2q,97821,2249,http://archives.bu.edu/web/alistair-cooke/search-letters/detail?id=97821,http://www.bu.edu/dbin/archives/content/holdings/LFA2249/HTML/
